the_geom,BoroCode,BoroName,BoroCD,CounDist,AssemDist,StSenDist,CongDist,SiteID,BenchID,Category,BenchType,Installati,Address,GeocodeAdd,Street,CrossStree,Borough,ComDist,BusRoute,BID,Latitude,Longitude,FEMAFldz,FEMAFldT,HrcEvac
POINT (-73.89716666711392 40.86236111070519),2,Bronx,205,15,78,33,15,1194,260,BID,backed,10/22/2012,South side Overpass at East Fordham Rd and Grand Concourse,"40°51'44.5""N 73°53'49.8""W",East Fordham Road,Grand Concourse East and West,Bronx,205,Not Applicable,Fordham Road,40.8623611107,-73.8971666671,X,AREA OF MINIMAL FLOOD HAZARD,
POINT (-73.8185016046541 40.82116571575922),2,Bronx,210,13,82,34,14,3568,1427,Bus Route,backless,02/04/2017,3948 E Tremont Avenue,3948 E Tremont Avenue,E Tremont Avenue,Sampson Avenue & Cross Bronx Expwy,Bronx,210,BX40,Not Applicable,40.821174,-73.818503,X,AREA OF MINIMAL FLOOD HAZARD,
POINT (-73.89229257704223 40.89585670424551),2,Bronx,226,11,81,34,16,3600,50,Bus Route,backed 2,03/11/2017,Van Cortland Park,5983 Broadway,Broadway,Manhattan College Parkway & W 242nd Street,Bronx,208,BX09,Not Applicable,40.895865,-73.892294,X,AREA OF MINIMAL FLOOD HAZARD,
POINT (-73.89748857623975 40.86899870940162),2,Bronx,207,11,81,34,13,3522,77,Municipal Facilities,backed 2,07/03/2017,25 W 195th Street,25 W 195th Street,195th Street,Jerome Avenue & Reservoir Avenue,Bronx,207,Not Applicable,Not Applicable,40.869007,-73.89749,X,AREA OF MINIMAL FLOOD HAZARD,
POINT (-73.82609363574217 40.85231004751419),2,Bronx,228,13,82,34,14,3569,23,Bus Route,backless 2,02/04/2017,Charles J Cimi Plaza,Charles J Cimi Plaza,Bruckner Expressway,Wilkinson Avenue & Westchester Avenue,Bronx,210,Not Applicable,Not Applicable,40.8523100475,-73.8260936357,X,AREA OF MINIMAL FLOOD HAZARD,5
POINT (-73.91024557412989 40.85450671235541),2,Bronx,205,14,86,29,15,2096,776,Community Health Centers,backed,08/07/2013,70 West Burnside Avenue,70 West Burnside Avenue,Burnside Avenue,University and Harrison Avenues,Bronx,205,Not Applicable,Not Applicable,40.854515,-73.910247,X,AREA OF MINIMAL FLOOD HAZARD,
POINT (-73.8839285807788 40.87405570789616),2,Bronx,207,11,78,36,13,1795,470,General,backed,05/31/2013,264 East 204th Street,264 East 204th Street,East 204th Street,E Mosholu Parkway & Grand Concourse,Bronx,207,Not Applicable,Not Applicable,40.874064,-73.88393,X,AREA OF MINIMAL FLOOD HAZARD,
POINT (-73.87150258426458 40.878609706437544),2,Bronx,207,11,80,36,13,3534,649,Bus Route,backless,02/04/2017,400 E Gun Hill Road,400 E Gun Hill Road,400 E Gun Hill Road,Bronx River Parkway & Webster Avenue,Bronx,207,Not Applicable,Not Applicable,40.878618,-73.871504,X,AREA OF MINIMAL FLOOD HAZARD,
POINT (-73.88298858113204 40.867651708904404),2,Bronx,207,11,78,34,13,2141,1053,General,backed,10/25/2013,2971 Webster Avenue,2971 Webster Avenue,Webster Avenue,Bedford Park Boulevard and Botanical Square,Bronx,207,Not Applicable,Not Applicable,40.86766,-73.88299,X,AREA OF MINIMAL FLOOD HAZARD,
POINT (-73.90722357704135 40.81585572006793),2,Bronx,201,8,84,29,15,3121,1982,General,backed,08/06/2015,745 E 152nd Street,668 Westchester Avenue,Westchester Avenue,Westchester Avenues & Tinton Avenue,Bronx,201,Not Applicable,Not Applicable,40.815864,-73.907225,X,AREA OF MINIMAL FLOOD HAZARD,
POINT (-73.88819758238343 40.816969719023),2,Bronx,202,17,85,32,15,1785,675,General,backed,07/08/2013,809 Hunts Point Avenue,809 Hunts Point Avenue,Hunts Point Avenue,Lafayette Avenue & Gilbert Place,Bronx,202,Not Applicable,Not Applicable,40.816978,-73.888199,X,AREA OF MINIMAL FLOOD HAZARD,
POINT (-73.87837558157983 40.88136770656445),2,Bronx,207,11,81,36,13,2220,1163,Senior Center,backed,12/02/2013,3518 Bainbridge Avenue,3518 Bainbridge Avenue,Bainbridge Avenue,East Gun Hill Road and East 211th Street,Bronx,207,Not Applicable,Not Applicable,40.881376,-73.878377,X,AREA OF MINIMAL FLOOD HAZARD,
POINT (-73.91607557244329 40.849523713518025),2,Bronx,205,14,77,29,15,2098,783,Community Health Centers,backless,08/07/2013,1700 Macombs Road,1700 Macombs Road,Macombs Road,176th Street and University Avenue,Bronx,205,BX18,Not Applicable,40.849532,-73.916077,X,AREA OF MINIMAL FLOOD HAZARD,
POINT (-73.90709924629027 40.880109294477016),2,Bronx,208,11,81,34,13,1132,519,General,backless,03/27/2013,265 West 231st Street,265 West 231st Street,231st Street,Kingsbridge & Corlear Avenue,Bronx,208,BX1,Not Applicable,40.8801092945,-73.9070992463,X,AREA OF MINIMAL FLOOD HAZARD,5
POINT (-73.89390058047813 40.82243471829932),2,Bronx,202,17,85,32,15,2709,1302,Municipal Facilities,backed,09/15/2014,977 Fox Street,948 Tiffany Street,Tiffany Street,Westchester Avenue & East 163rd Street,Bronx,202,Not Applicable,Not Applicable,40.822443,-73.893902,X,AREA OF MINIMAL FLOOD HAZARD,
POINT (-73.86683622049773 40.856627392949626),2,Bronx,211,13,80,34,14,3669,44,Bus Route,backless 2,03/11/2017,720 Pelham Parkway South,720 Pelham Parkway South,Pelham Parkway South,Whiteplains Road & Cruger Avenue,Bronx,211,BX12,Not Applicable,40.8566273929,-73.8668362205,X,AREA OF MINIMAL FLOOD HAZARD,
POINT (-73.90421357183752 40.90638470230959),2,Bronx,208,11,81,34,16,2834,536,General,backless 2,12/23/2014,5684 Riverdale Avenue,5684 Riverdale Avenue,Riverdale Avenue,West 258th Street & West 259th Street,Bronx,208,Not Applicable,Not Applicable,40.906393,-73.904215,X,AREA OF MINIMAL FLOOD HAZARD,
POINT (-73.86999858580108 40.86535670907168),2,Bronx,211,15,80,34,14,3876,262,AAR,backed,08/23/2017,612 Allerton Avenue,2526 Bronx Park East,Bronx Park East,Bronx Park East & Barker Avenue,Bronx,211,Not Applicable,Not Applicable,40.865365,-73.87,X,AREA OF MINIMAL FLOOD HAZARD,
POINT (-73.84796459622251 40.818677717078685),2,Bronx,209,18,87,32,15,3601,1692,Bus Route,backless,07/06/2017,575 Castle Hill Avenue,575 Castle Hill Avenue,Castle Hill Avenue,Randall Avenue & Lacombe Avenue,Bronx,209,BX28,Not Applicable,40.818686,-73.847966,X,AREA OF MINIMAL FLOOD HAZARD,5
POINT (-73.81166860781676 40.81537171645267),2,Bronx,210,13,82,34,14,1531,401,General,backed,01/14/2013,150 Throgs Neck Blvd,150 Throgs Neck Blvd,Throgs Neck Blvd,Schurz Road and Harding Avenue,Bronx,210,Not Applicable,Not Applicable,40.81538,-73.81167,X,AREA OF MINIMAL FLOOD HAZARD,4
POINT (-73.90063765404835 40.848251681096045),2,Bronx,206,15,86,33,15,2186,1079,General,backless,10/23/2013,1924 Webster Avenue,1924 Webster Avenue,Webster Avenue,E Tremont Avenue & E178th Street,Bronx,206,BX41,Not Applicable,40.8482516811,-73.900637654,X,AREA OF MINIMAL FLOOD HAZARD,
POINT (-73.90350457778759 40.82181971890261),2,Bronx,203,16,79,32,15,3462,2161,Municipal Facilities,backed,06/10/2016,905 Tinton Avenue,905 Tinton Avenue,Tinton Avenue,E 161st Street & E 163rd Street,Bronx,203,Not Applicable,Not Applicable,40.821828,-73.903506,X,AREA OF MINIMAL FLOOD HAZARD,
POINT (-73.89333457910253 40.86189471030587),2,Bronx,205,15,78,33,15,1208,1895,BID,backed 2,10/24/2012,335-339 East Fordham Road,339 East Fordham Road,East Fordham Road,Marion and Bainbridge Avenues,Bronx,207,Not Applicable,Fordham Road,40.861903,-73.893336,X,AREA OF MINIMAL FLOOD HAZARD,
POINT (-73.90888457633022 40.813719720101886),2,Bronx,201,8,84,29,15,2698,1245,Municipal Facilities,backed,08/14/2014,564 Jackson Avenue,564 Jackson Avenue,Jackson Avenue,East 149th Street & Pontiac Place,Bronx,201,Not Applicable,Not Applicable,40.813728,-73.908886,X,AREA OF MINIMAL FLOOD HAZARD,
POINT (-73.84893959436728 40.842950712816986),2,Bronx,210,13,87,32,14,2861,0,BID,,,2550 East Tremont Avenue,2550 East Tremont Avenue,East Tremont Avenue,Overing Street & Montgomery Street,Bronx,210,Not Applicable,Westchester Square,40.842959,-73.848941,X,AREA OF MINIMAL FLOOD HAZARD,
POINT (-73.8559185910445 40.86140670953926),2,Bronx,211,13,80,34,14,2992,1484,General,backed,01/06/2015,2401 Laconia Avenue,2401 Laconia Avenue,Laconia Avenue,Waring Avenue and Mace Avenue,Bronx,211,Not Applicable,Not Applicable,40.861415,-73.85592,X,AREA OF MINIMAL FLOOD HAZARD,
POINT (-73.82691560107759 40.833999713661264),2,Bronx,210,13,82,34,14,1394,650,General,backless,03/26/2013,2945 Bruckner Blvd,1104 Crosby Avenue,Crosby Avenue,Crosby Avenue & Edison Avenue,Bronx,210,BX8,Not Applicable,40.834008,-73.826917,X,AREA OF MINIMAL FLOOD HAZARD,
POINT (-73.85874859137073 40.823983716407064),2,Bronx,209,18,85,34,15,2866,725,Municipal Facilities,backless,12/19/2014,845 White Plains Road,845 White Plains Road,White Plains Road,Story Avenue & Turnbull Avenue,Bronx,209,BX36,Not Applicable,40.823992,-73.85875,X,AREA OF MINIMAL FLOOD HAZARD,4
POINT (-73.91474657393604 40.83213571735526),2,Bronx,204,16,77,32,15,3217,1984,General,backed,09/18/2015,1150 Morris Avenue,270 E. 167th Street,East 167th Street and College,E. 167th Street and E. 166th Street,Bronx,204,BX32,Not Applicable,40.832144,-73.914748,X,AREA OF MINIMAL FLOOD HAZARD,
POINT (-73.83161959642482 40.884662703842245),2,Bronx,212,12,83,36,16,2460,875,Health Care Facilities,backless,05/02/2014,4015 Boston Road,4015 Boston Road,Dyre Avenue,Boston Road and Conner Street,Bronx,212,BX16,Not Applicable,40.884671,-73.831621,X,AREA OF MINIMAL FLOOD HAZARD,
POINT (-73.91873402723652 40.80500912235427),2,Bronx,201,8,84,29,15,4187,184,General,backed 2,08/01/2018,160 St Ann's Ave,160 St Ann's Ave,East 135th St,St Ann's Avenue & Cypress Avenue,Bronx,201,BX17,Not Applicable,40.8050091224,-73.9187340272,X,AREA OF MINIMAL FLOOD HAZARD,5
POINT (-73.91462957067732 40.88648570640806),2,Bronx,208,11,81,34,16,2561,1887,Municipal Facilities,backed,06/04/2015,650 W 235th Street,650 W 235th Street,W 235th Street,Independece Avenue and Douglas Avenue,Bronx,208,Not Applicable,Not Applicable,40.886494,-73.914631,X,AREA OF MINIMAL FLOOD HAZARD,
POINT (-73.92031274198166 40.847075747489086),2,Bronx,205,14,77,29,15,1754,968,General,backed,02/04/2014,1605 University Avenue,1605 University Avenue,University Avenue,W174th Street & W175th Street,Bronx,205,Not Applicable,Not Applicable,40.8470757475,-73.920312742,X,AREA OF MINIMAL FLOOD HAZARD,
POINT (-73.91061757522475 40.830776716755956),2,Bronx,204,16,77,32,15,2473,720,Health Care Facilities,backless,06/20/2014,397 East 167th Street,397 East 167th Street,East 167th Street,Clay Avenue and Webster Avenue,Bronx,204,BX35,Not Applicable,40.830785,-73.910619,X,AREA OF MINIMAL FLOOD HAZARD,5
POINT (-73.91902857301241 40.80788372211938),2,Bronx,201,8,84,29,15,3820,218,Senior Safety,backed,08/01/2017,245 Brook Avenue,245 Brook Avenue,Brook Avenue,E 139th Street & E 138th Street,Bronx,201,Not Applicable,Not Applicable,40.807892,-73.91903,X,AREA OF MINIMAL FLOOD HAZARD,6
POINT (-73.90524257460213 40.872886709045936),2,Bronx,207,14,86,33,13,2702,958,Municipal Facilities,backless,07/30/2014,260 West Kingsbridge Road,260 West Kingsbridge Road,West Kingsbridge Road,Heath Avenue & Bailey Avenue,Bronx,207,BX09,Not Applicable,40.872895,-73.905244,X,AREA OF MINIMAL FLOOD HAZARD,6
POINT (-73.89228457953222 40.8607767105083),2,Bronx,206,15,78,34,15,1203,0,BID,backed,,2486 Webster Avenue,2486 Webster Avenue,Webster Avenue,East 189th Street and East Fordham Road,Bronx,206,Not Applicable,Fordham Road,40.860785,-73.892286,X,AREA OF MINIMAL FLOOD HAZARD,
POINT (-73.8203786042562 40.82470371536),2,Bronx,210,13,82,34,14,1397,862,General,backless,03/26/2013,3811 East Tremont Avenue,3811 East Tremont Avenue,East Tremont Avenue,Schley Avenue & Lamport Place,Bronx,210,BX40,Not Applicable,40.824712,-73.82038,X,AREA OF MINIMAL FLOOD HAZARD,
POINT (-73.91795857305425 40.83198371750995),2,Bronx,204,16,77,29,15,2136,877,Community Health Centers,backed,09/11/2013,1116 Sheridan Avenue,1116 Sheridan Avenue,Sheridan Avenue,East 166th and McClellan Streets,Bronx,204,Not Applicable,Not Applicable,40.831992,-73.91796,X,AREA OF MINIMAL FLOOD HAZARD,
POINT (-73.90181957787553 40.82280371882172),2,Bronx,203,17,79,32,15,2431,1129,Senior Center,backed,04/23/2014,950 Union Avenue,950 Union Avenue,Union Avenue,E. 163rd Street and E. 165th Street,Bronx,203,Not Applicable,Not Applicable,40.822812,-73.901821,X,AREA OF MINIMAL FLOOD HAZARD,
POINT (-73.91997657330776 40.813060721376225),2,Bronx,201,8,84,29,15,3450,0,Municipal Facilities,,,416 Willis Ave,416 Willis Ave,416 Willis Ave,E 144th Street & E 145th Street,Bronx,201,Not Applicable,Not Applicable,40.813069,-73.919978,X,AREA OF MINIMAL FLOOD HAZARD,6
POINT (-73.90429957474916 40.86425071073049),2,Bronx,207,14,78,33,13,2093,739,Community Health Centers,backed,08/06/2013,105 Father Zeiser Place,105 Father Zeiser Place,Father Zeiser Place,University and Webb Avenues,Bronx,207,Not Applicable,Not Applicable,40.864259,-73.904301,X,AREA OF MINIMAL FLOOD HAZARD,
POINT (-73.92668057052585 40.81074572155571),2,Bronx,201,8,84,29,15,2873,1000,Municipal Facilities,backless,12/10/2014,285 East 138th Street,285 East 138th Street,East 138th Street,Third Avenue & Alexander Avenue,Bronx,201,BX15,Not Applicable,40.810754,-73.926682,X,AREA OF MINIMAL FLOOD HAZARD,5
POINT (-73.84571259517621 40.84265571248982),2,Bronx,210,13,82,32,14,2863,1444,BID,backed,10/15/2014,2702 East Tremont Avenue,2702 East Tremont Avenue,East Tremont Avenue,Frisby Avenue & St Raymonds Avenue,Bronx,210,Not Applicable,Westchester Square,40.842664,-73.845714,X,AREA OF MINIMAL FLOOD HAZARD,
POINT (-73.920870571929 40.82686471796434),2,Bronx,204,16,79,32,15,4052,523,Bus Route,backed 2,08/30/2017,900 Sheridan Avenue,900 Sheridan Avenue,E 161st Street,Sheridan Avenue and Sherman Avenue,Bronx,204,Not Applicable,Not Applicable,40.826873,-73.920872,X,AREA OF MINIMAL FLOOD HAZARD,
POINT (-73.91766657240392 40.82868771805704),2,Bronx,204,16,79,32,15,2690,1311,Municipal Facilities,backed,09/15/2014,250 East 164th Street,950 Morris Avenue,Morris Avenue,East 164th Street and Bonner Place,Bronx,204,Not Applicable,Not Applicable,40.828696,-73.917668,X,AREA OF MINIMAL FLOOD HAZARD,
POINT (-73.9076145748237 40.84424471464097),2,Bronx,204,15,86,33,15,2745,652,Municipal Facilities,backed,11/05/2014,1691 Weeks Avenue,1691 Weeks Avenue,Weeks Avenue,East 173rd Street & East 174th Street,Bronx,204,Not Applicable,Not Applicable,40.844253,-73.907616,X,AREA OF MINIMAL FLOOD HAZARD,
POINT (-73.84331059508175 40.861864709118265),2,Bronx,211,13,80,34,14,3875,257,Senior Safety,backed,08/23/2017,2452 Eastchester Road,2452 Eastchester Road,Eastchester Road,Mace Avenue & Warring Avenue,Bronx,211,Not Applicable,Not Applicable,40.861873,-73.843312,X,AREA OF MINIMAL FLOOD HAZARD,
POINT (-73.87393118293501 40.826737228765275),2,Bronx,209,18,85,32,15,2459,921,Health Care Facilities,backless,05/02/2014,1105 Morrison Avenue,1105 Morrison Avenue,Morrison Avenue,Watson Avenue and Bruckner Boulevard,Bronx,209,BX27,Not Applicable,40.8267372288,-73.8739311829,X,0.2 PCT ANNUAL CHANCE FLOOD HAZARD,5
POINT (-73.86779258692489 40.85113071126246),2,Bronx,211,15,80,33,14,3115,1680,General,backed,07/06/2015,2040 White Plains Road,2040 White Plains Road,White Plains Road,Brady Avenue & Bronxdale Avenue,Bronx,211,Not Applicable,Not Applicable,40.851139,-73.867794,X,AREA OF MINIMAL FLOOD HAZARD,
POINT (-73.89821657871163 40.83256371618514),2,Bronx,203,16,79,32,15,2588,832,Municipal Facilities,backless,07/01/2014,1382 Boston Road,1382 Boston Road,Boston Road,Crotona Avenue and E. 170th Street,Bronx,203,BX21,Not Applicable,40.832572,-73.898218,X,AREA OF MINIMAL FLOOD HAZARD,
POINT (-73.909819572174 40.886180706244424),2,Bronx,208,11,81,34,16,1989,670,General,backless,07/02/2013,3555 Johnson Avenue,3555 Johnson Avenue,Johnson Avenue,W 235th & 236th Street,Bronx,208,Not Applicable,Not Applicable,40.886189,-73.909821,X,AREA OF MINIMAL FLOOD HAZARD,
POINT (-73.90229957453545 40.882419706686626),2,Bronx,208,11,81,33,13,3684,227,BID,backed,08/01/2017,5716 Broadway,5716 Broadway,Broadway,W 234th Street & W 236th Street,Bronx,208,Not Applicable,Kingsbridge,40.882428,-73.902301,X,AREA OF MINIMAL FLOOD HAZARD,5
POINT (-73.82731559944062 40.86954170663705),2,Bronx,210,12,82,36,16,2815,1258,General,backless,01/06/2015,2081 Bartow Avenue,2081 Bartow Avenue,Bartow Avenue,Asch Loop & Co Op City Boulevard,Bronx,210,BX12,Not Applicable,40.86955,-73.827317,X,0.2 PCT ANNUAL CHANCE FLOOD HAZARD,4
POINT (-73.92174957196337 40.81962171970613),2,Bronx,201,17,84,29,15,3815,239,Bus Route,backless,08/01/2017,655 Morris Avenue,655 Morris Avenue,Morris Avenue,E 153rd Street & E 151st Street,Bronx,201,BX32,Not Applicable,40.81963,-73.921751,X,AREA OF MINIMAL FLOOD HAZARD,5
POINT (-73.87544858305972 40.87243870744604),2,Bronx,207,11,80,36,13,2339,861,General,backless,03/19/2014,3170 Webster Avenue,3170 Webster Avenue,Webster Avenue,E204th & E205th Street,Bronx,207,BX41,Not Applicable,40.872447,-73.87545,X,AREA OF MINIMAL FLOOD HAZARD,
POINT (-73.88879659469745 40.81797216464002),2,Bronx,202,17,85,32,15,1784,1048,General,backed,11/14/2013,847 Hunts Point Avenue,847 Hunts Point Avenue,Hunts Point Avenue,Seneca Avenue & Gilbert Place,Bronx,202,Not Applicable,Not Applicable,40.8179721646,-73.8887965947,X,AREA OF MINIMAL FLOOD HAZARD,
POINT (-73.8304310411873 40.8763399272421),2,Bronx,210,12,82,36,16,1355,419,General,backless,01/14/2013,133 DeFoe Pl,133 DeFoe Place,DeFoe Place,Dreiser Loop and Co Op City Boulevard,Bronx,210,BX28,Not Applicable,40.8763399272,-73.8304310412,X,AREA OF MINIMAL FLOOD HAZARD,5
POINT (-73.81166860781676 40.81537171645267),2,Bronx,210,13,82,34,14,1531,382,General,backed,01/14/2013,150 Throgs Neck Blvd,150 Throgs Neck Blvd,Throgs Neck Blvd,Schurz Road and Harding Avenue,Bronx,210,Not Applicable,Not Applicable,40.81538,-73.81167,X,AREA OF MINIMAL FLOOD HAZARD,4
POINT (-73.89715429230262 40.862276082580685),2,Bronx,205,15,78,33,15,1690,893,BID,backed,02/07/2013,N. Overpass Grand Concourse & E. Fordham Road,,,Grand Concourse and E. Fordham Road,Bronx,207,Not Applicable,Fordham Road,40.8622760826,-73.8971542923,X,AREA OF MINIMAL FLOOD HAZARD,
POINT (-73.92793157109075 40.80986572156292),2,Bronx,201,8,84,29,15,1993,2014,General,backless,06/04/2015,188 Lincoln Avenue,300 East 138th Street,E. 138th Street,Lincoln Avenue & Alexander Avenue,Bronx,201,BX33,Not Applicable,40.809874,-73.927933,X,AREA OF MINIMAL FLOOD HAZARD,4
POINT (-73.92056157051657 40.84293471469156),2,Bronx,204,16,77,29,15,2655,1224,Municipal Facilities,backed,08/07/2014,1449 Shakespeare Avenue,1449 Shakespeare Avenue,Shakespeare Avenue,W. 172nd Street and Sheriff S Byrd Place,Bronx,204,Not Applicable,Not Applicable,40.842943,-73.920563,X,AREA OF MINIMAL FLOOD HAZARD,
POINT (-73.91317757501083 40.82399371823137),2,Bronx,203,17,79,32,15,3447,2163,Municipal Facilities,backed,06/08/2016,421 E 161st Street,421 E 161st Street,161st Street,Melrose Avenue & Elton Avenue,Bronx,203,Not Applicable,Not Applicable,40.824002,-73.913179,X,AREA OF MINIMAL FLOOD HAZARD,5
POINT (-73.92890756929046 40.818978719780446),2,Bronx,204,8,84,29,15,18,74,Bus Route,backless,05/16/2012,125 East 149th Street,125 East 149th Street,East 149th Street,Gerard Avenue & Walton Avenue,Bronx,204,BX19,Not Applicable,40.818987,-73.928909,X,AREA OF MINIMAL FLOOD HAZARD,5
POINT (-73.88614264829883 40.880447332969915),2,Bronx,207,11,81,34,13,4262,180,Bus Route,backed 2,09/30/2019,3599 Paul Avenue,3599 Paul Avenue,Paul Avenue,W Mosholu Parkway South & W 205th Street,Bronx,207,BX10,Not Applicable,40.880447333,-73.8861426483,X,AREA OF MINIMAL FLOOD HAZARD,
POINT (-73.89212358028776 40.83093871653525),2,Bronx,203,17,79,32,15,3090,540,General,backless,06/04/2015,1303 Louis Nine Boulevard,1303 Louis Nine Boulevard,Louis Nine Boulevard,Southern Boulevard & Intervale Avenue,Bronx,203,Not Applicable,Not Applicable,40.830947,-73.892125,X,AREA OF MINIMAL FLOOD HAZARD,
POINT (-73.90918957384358 40.857988712093736),2,Bronx,205,14,86,33,15,841,421,General,backless,01/10/2013,2162 University Avenue,2162 University Avenue,University Avenue,181st Street and Osbourne Place,Bronx,205,BX03,Not Applicable,40.857997,-73.909191,X,AREA OF MINIMAL FLOOD HAZARD,
POINT (-73.85952058712567 40.88952770410082),2,Bronx,212,12,83,36,16,3574,82,Municipal Facilities,backed 2,06/28/2017,4035 White Plains Road,4035 White Plains Road,White Plains Road,E 227th Street & E 228th Street,Bronx,212,Not Applicable,Not Applicable,40.889536,-73.859522,X,AREA OF MINIMAL FLOOD HAZARD,
POINT (-73.84307359533706 40.85992170919784),2,Bronx,211,13,80,34,14,2227,1367,Senior Center,backed,12/02/2013,2323 Eastchester Road,2323 Eastchester Road,Eastchester Road,Astor and Waring Avenues,Bronx,211,BX31,Not Applicable,40.85993,-73.843075,X,AREA OF MINIMAL FLOOD HAZARD,
POINT (-73.91141657434643 40.83285771699094),2,Bronx,204,16,77,32,15,3487,70,Municipal Facilities,backed 2,06/29/2017,360 E 168th Street,360 E 168th Street,E 168th Street,Findlay Avenue & Teller Avenue,Bronx,204,Not Applicable,Not Applicable,40.832866,-73.911418,X,AREA OF MINIMAL FLOOD HAZARD,
POINT (-73.89097558083304 40.845319713702494),2,Bronx,206,17,79,33,15,2897,638,Municipal Facilities,backless,12/03/2014,700 East Tremont Avenue,1936 Crotona Avenue,Crotona Avenue,East Tremont Avenue & Fairmount Place,Bronx,206,BX17,Not Applicable,40.845328,-73.890977,X,AREA OF MINIMAL FLOOD HAZARD,
POINT (-73.85652215139261 40.85691420028481),2,Bronx,211,13,80,34,14,3670,52,Bus Route,backed 2,03/11/2017,1130 Pelham Pkwy South,1130 Pelham Pkwy South,Pelham Parkaway,Williamsbridge Road & Tomlinson Avenue,Bronx,211,BX12,Not Applicable,40.8569142003,-73.8565221514,X,AREA OF MINIMAL FLOOD HAZARD,
POINT (-73.8568965922492 40.83657671431651),2,Bronx,209,18,87,32,14,2451,967,Senior Center,backed,05/02/2014,1525 Unionport Road,1525 Unionport Road,Unionport Road,MacGraw Avenue and Metropolitan Street,Bronx,209,Not Applicable,Not Applicable,40.836585,-73.856898,X,AREA OF MINIMAL FLOOD HAZARD,
POINT (-73.88690857918004 40.882169706267824),2,Bronx,207,11,81,34,13,2091,831,Community Health Centers,backless,08/06/2013,100 West Mosholu Parkway South,100 West Mosholu Parkway South,Mosholu Parkway,Paul and Sedgwick Avenues,Bronx,207,BX1,Not Applicable,40.882178,-73.88691,X,AREA OF MINIMAL FLOOD HAZARD,
POINT (-73.89422657645076 40.88299970628513),2,Bronx,208,11,81,34,13,1617,313,Senior Center,backed,03/27/2013,3874 Sedgwick Avenue,3874 Sedgwick Avenue,Sedgwick Avenue,Stevenson Place & Van Cortland Avenue W,Bronx,208,Not Applicable,Not Applicable,40.883008,-73.894228,X,AREA OF MINIMAL FLOOD HAZARD,
POINT (-73.92316251689046 40.80500666967576),2,Bronx,201,8,84,29,15,4111,436,General,backed 2,04/04/2019,100 bruckner blvd,100 bruckner blvd,Bruckner Boulevard,Westchester Avenue & Amendola Place,Bronx,201,BX29,Not Applicable,40.8050066697,-73.9231625169,X,AREA OF MINIMAL FLOOD HAZARD,6
POINT (-73.90257257516998 40.87090270904599),2,Bronx,208,14,78,33,13,2437,431,Health Care Facilities,backless,05/01/2014,2735 Sedgwick Avenue,2735 Sedgwick Avenue,Sedgwick Avenue,W. 195th Street and W. Kingsbridge Road,Bronx,208,BX03,Not Applicable,40.870911,-73.902574,X,AREA OF MINIMAL FLOOD HAZARD,
POINT (-73.90074957772285 40.83527771604325),2,Bronx,203,16,79,33,15,2693,1401,Municipal Facilities,backed,09/10/2014,580 Crotona Park South,580 Crotona Park South,Crotona Park South,Fulton Avenue & Franklin Avenue,Bronx,203,Not Applicable,Not Applicable,40.835286,-73.900751,X,AREA OF MINIMAL FLOOD HAZARD,
POINT (-73.90121957863427 40.82066771841409),2,Bronx,203,17,79,32,15,2138,841,Community Health Centers,backed,09/11/2013,871 Prospect Avenue,871 Prospect Avenue,Prospect Avenue,East 161st and 162nd Streets,Bronx,203,Not Applicable,Not Applicable,40.820676,-73.901221,X,AREA OF MINIMAL FLOOD HAZARD,
POINT (-73.87834158265058 40.874198707655715),2,Bronx,207,11,80,36,13,1968,651,General,backed,07/02/2013,285 East 205th Street,285 East 205th Street,East 205th Street,E 204th Street & Perry Avenue,Bronx,207,Not Applicable,Not Applicable,40.874207,-73.878343,X,AREA OF MINIMAL FLOOD HAZARD,
POINT (-73.87848499531574 40.87564180161788),2,Bronx,207,11,80,36,13,4164,60,General,backed 2,08/01/2018,228 East 207th Street,228 East 207th Street,East 207th Street,Bainbridge Avenue & Perry Avenue,Bronx,207,Not Applicable,Not Applicable,40.8756418016,-73.8784849953,X,AREA OF MINIMAL FLOOD HAZARD,
POINT (-73.89872057728151 40.86222671103118),2,Bronx,205,14,86,33,15,1945,559,BID,backed,05/07/2013,114 East Fordham Road,114 East Fordham Road,East Fordham Rd & 188th Street,E. Fordham Road & 188th Street,Bronx,205,Not Applicable,Fordham Road,40.862235,-73.898722,X,AREA OF MINIMAL FLOOD HAZARD,
POINT (-73.90606157793667 40.812610720314844),2,Bronx,201,8,84,29,15,2697,658,Municipal Facilities,backed,11/05/2014,811 East 149th Street,811 East 149th Street,East 149th Street,Tinton Avenue & Union Avenue,Bronx,201,Not Applicable,Not Applicable,40.812619,-73.906063,X,AREA OF MINIMAL FLOOD HAZARD,6
POINT (-73.9127165749843 40.82275471878288),2,Bronx,203,17,79,32,15,796,352,General,backed,01/10/2013,843 Elton Avenue,843 Elton Avenue,East 160th Street,East 159th and 160th Streets,Bronx,203,Not Applicable,Not Applicable,40.822763,-73.912718,X,AREA OF MINIMAL FLOOD HAZARD,6
POINT (-73.87953758394535 40.84076671444485),2,Bronx,206,15,87,32,15,2899,1199,Municipal Facilities,backless,12/18/2014,2024 Boston Road,1065 East Tremont Avenue,East Tremont Avenue,Boston Road & East 177th Street,Bronx,206,BX21,Not Applicable,40.840775,-73.879539,X,AREA OF MINIMAL FLOOD HAZARD,5
POINT (-73.88245267439459 40.85056209536325),2,Bronx,206,15,78,33,15,4140,415,General,backed 2,05/21/2019,2300 Southern Boulevard,2300 Southern Boulevard,Crotona Parkway,Bronx Park South & La 65 de Enfanteria,Bronx,206,Not Applicable,Not Applicable,40.8505620954,-73.8824526744,X,AREA OF MINIMAL FLOOD HAZARD,
POINT (-73.91090857452375 40.84041371569674),2,Bronx,204,16,77,33,15,2135,742,Community Health Centers,backed,09/09/2013,240 East 172nd Street,240 East 172nd Street,Morris Avenue,East 171st and 172nd Streets,Bronx,204,BX32,Not Applicable,40.840422,-73.91091,X,AREA OF MINIMAL FLOOD HAZARD,
POINT (-73.89233692159803 40.83153443231613),2,Bronx,203,17,79,32,15,1535,287,General,backed,02/04/2013,1334 Louis Nine Boulevard,1334 Louis Nine Boulevard,Plaza,"Intervale Avenue, Louis Nine Blvd & Jennings Street",Bronx,203,Not Applicable,Not Applicable,40.8315344323,-73.8923369216,X,AREA OF MINIMAL FLOOD HAZARD,
POINT (-73.89125457831824 40.8828897062498),2,Bronx,208,11,81,34,13,2703,1201,Municipal Facilities,backed,07/30/2014,3961 Hillman Avenue,3961 Hillman Avenue,Hillman Avenue,Sedgwick Avenue & Van Cortlandt Park South,Bronx,208,Not Applicable,Not Applicable,40.882898,-73.891256,X,AREA OF MINIMAL FLOOD HAZARD,
POINT (-73.92221157065964 40.8321217171771),2,Bronx,204,16,84,29,15,2307,1121,General,backed,01/08/2014,1068 Gerard Avenue,1068 Gerard Avenue,Gerard Avenue,E165th & McClellan Street,Bronx,204,Not Applicable,Not Applicable,40.83213,-73.922213,X,AREA OF MINIMAL FLOOD HAZARD,
POINT (-73.90794657612913 40.82328071839034),2,Bronx,203,17,79,32,15,2696,1323,Municipal Facilities,backed,09/15/2014,916 Eagle Avenue,916 Eagle Avenue,Eagle Avenue,East 161st Street & East 163rd Street,Bronx,203,Not Applicable,Not Applicable,40.823289,-73.907948,X,AREA OF MINIMAL FLOOD HAZARD,
POINT (-73.91020652149707 40.83121761931541),2,Bronx,203,16,77,32,15,2081,0,General,backless,,1170 Webster Avenue,1170 Webster Avenue,Webster Avenue,E 167th Street and E 168th Street,Bronx,203,BX41,Not Applicable,40.8312176193,-73.9102065215,X,AREA OF MINIMAL FLOOD HAZARD,5
POINT (-73.87108258704137 40.839650713881774),2,Bronx,209,15,87,33,15,4027,10,Bus Route,backed 2,03/06/2018,1280 East Tremont Avenue,1280 East Tremont Avenue,East Tremont Avenue,Van Nest Avenue & Rosedale Avenue,Bronx,209,BX40,Not Applicable,40.839659,-73.871084,X,AREA OF MINIMAL FLOOD HAZARD,
POINT (-73.84579659534838 40.84400871186195),2,Bronx,210,13,82,34,14,2454,952,Health Care Facilities,backless,05/02/2014,1485 Williamsbridge Road,1485 Williamsbridge Road,Williamsbridge Road,St. Raymonds Avenue and Silver Street,Bronx,210,BX8,Westchester Square,40.844017,-73.845798,X,AREA OF MINIMAL FLOOD HAZARD,
POINT (-73.90048557726547 40.84758771317469),2,Bronx,206,15,86,33,15,2589,1136,Municipal Facilities,backless,07/14/2014,410 E. Tremont Avenue,410 E. Tremont Avenue,E. Tremont Avenue,Webster Avenue and Park Avenue,Bronx,206,BX40,Not Applicable,40.847596,-73.900487,X,AREA OF MINIMAL FLOOD HAZARD,
POINT (-73.9005445745867 40.885310706397185),2,Bronx,208,11,81,34,13,3866,256,Senior Safety,backed 2,09/01/2017,5825 Broadway,5825 Broadway,W 238th Street,W 238th Street & W 240th Street,Bronx,208,Not Applicable,Not Applicable,40.885319,-73.900546,X,AREA OF MINIMAL FLOOD HAZARD,5
POINT (-73.91493957496138 40.810841721246696),2,Bronx,201,8,84,29,15,2432,834,Senior Center,backless,04/23/2014,401 St. Anns Avenue,401 St. Anns Avenue,St. Anns Avenue,E 143rd Street and E 144th street,Bronx,201,BX17,Not Applicable,40.81085,-73.914941,X,AREA OF MINIMAL FLOOD HAZARD,6
POINT (-73.89098458127383 40.820425718659855),2,Bronx,202,17,85,32,15,3733,61,Bus Route,backless 2,06/29/2017,925 Hunts Point Avenue,925 Hunts Point Avenue,Hunts Point Avenue,Southern Blvd & Bruckner Blvd,Bronx,202,BX6,Not Applicable,40.820434,-73.890986,X,AREA OF MINIMAL FLOOD HAZARD,
POINT (-73.88928158204688 40.818760718608495),2,Bronx,202,17,85,32,15,1782,1031,General,backed,11/14/2013,875 Hunts Point Avenue,875 Hunts Point Avenue,Hunts Point Avenue,Seneca Avenue & Garrison Avenue,Bronx,202,Not Applicable,Not Applicable,40.818769,-73.889283,X,AREA OF MINIMAL FLOOD HAZARD,
POINT (-73.86108859010128 40.835181714638495),2,Bronx,209,18,87,32,15,3525,17,Bus Route,backless 2,02/04/2017,1375 Metropolitan Avenue,1375 Metropolitan Avenue,Metropolitan Avenue,Wood Avenue & McGraw Avenue,Bronx,209,BX04,Not Applicable,40.83519,-73.86109,X,AREA OF MINIMAL FLOOD HAZARD,6
POINT (-73.82618124675886 40.85204481413775),2,Bronx,228,13,82,34,14,3569,25,Bus Route,backless 2,02/04/2017,Charles J Cimi Plaza,Charles J Cimi Plaza,Bruckner Expressway,Wilkinson Avenue & Westchester Avenue,Bronx,210,Not Applicable,Not Applicable,40.8520448141,-73.8261812468,X,AREA OF MINIMAL FLOOD HAZARD,5
POINT (-73.90924757365649 40.84963971334791),2,Bronx,205,14,86,33,15,2099,750,Community Health Centers,backed,08/07/2013,1894 Walton Avenue,1894 Walton Avenue,Walton Avenue,Mount Hope Place and East 177th Street,Bronx,205,Not Applicable,Not Applicable,40.849648,-73.909249,X,AREA OF MINIMAL FLOOD HAZARD,
POINT (-73.91951257237001 40.825919718278804),2,Bronx,204,16,79,32,15,4051,305,Bus Route,backed 2,08/29/2017,265 E 161st Street,265 E 161st Street,E 161st Street,Sherman Ave & Morris Ave,Bronx,204,BX06,Not Applicable,40.825928,-73.919514,X,AREA OF MINIMAL FLOOD HAZARD,
POINT (-73.82618124675886 40.85204481413775),2,Bronx,228,13,82,34,14,3569,24,Bus Route,backless 2,02/04/2017,Charles J Cimi Plaza,Charles J Cimi Plaza,Bruckner Expressway,Wilkinson Avenue & Westchester Avenue,Bronx,210,Not Applicable,Not Applicable,40.8520448141,-73.8261812468,X,AREA OF MINIMAL FLOOD HAZARD,5
POINT (-73.86621511392538 40.87786241094203),2,Bronx,212,12,83,36,16,2187,1073,General,backed,10/25/2013,3519 White Plains Road,3519 White Plains Road,E211th Street,White Plains Road & Duncomb Avenue,Bronx,212,BX41,Not Applicable,40.8778624109,-73.8662151139,X,AREA OF MINIMAL FLOOD HAZARD,
POINT (-73.9038865725317 40.90767970219312),2,Bronx,208,11,81,34,16,2397,623,General,backed,03/19/2014,5951 Riverdale Avenue,5951 Riverdale Avenue,Riverdale Avenue,W259th & W261st Street,Bronx,208,Not Applicable,Not Applicable,40.907688,-73.903888,X,AREA OF MINIMAL FLOOD HAZARD,
POINT (-73.89972057523393 40.87323070825845),2,Bronx,208,14,81,33,13,4149,655,General,backed 2,04/04/2019,2865 Claflin Avenue,2865 Claflin Avenue,Claflin Avenue,W 179 Street & Reservoir Avenue,Bronx,208,Not Applicable,Not Applicable,40.873239,-73.899722,X,AREA OF MINIMAL FLOOD HAZARD,
POINT (-73.88835958291928 40.81728271869876),2,Bronx,202,17,85,32,15,1780,349,General,backed,02/04/2013,830 Hunts Point Avenue,830 Hunts Point Avenue,Hunts Point Avenue,Lafayette Avenue & Gilbert Place,Bronx,202,Not Applicable,Not Applicable,40.817291,-73.888361,X,AREA OF MINIMAL FLOOD HAZARD,
POINT (-73.90298557667298 40.838279715195064),2,Bronx,203,16,79,33,15,2729,1303,Municipal Facilities,backed,09/12/2014,1537 Washington Avenue,1537 Washington Avenue,Clearmont Parkway,Clearmont Parkway and E. 171st Street,Bronx,206,Not Applicable,Not Applicable,40.838288,-73.902987,X,AREA OF MINIMAL FLOOD HAZARD,
POINT (-73.90300757509232 40.8677797099645),2,Bronx,207,14,81,33,13,2436,838,Health Care Facilities,backed,05/01/2014,2552 Webb Avenue,2552 Webb Avenue,Webb Avenue,W. Kingsbridge Road and W. 190th Street,Bronx,207,Not Applicable,Not Applicable,40.867788,-73.903009,X,AREA OF MINIMAL FLOOD HAZARD,
POINT (-73.91770857277487 40.8269477179153),2,Bronx,204,16,79,32,15,2585,1236,Municipal Facilities,backless,07/14/2014,917 Morris Avenue,917 Morris Avenue,Morris Avenue,E. 162nd Street and E. 163rd Street,Bronx,204,BX32,Not Applicable,40.826956,-73.91771,X,AREA OF MINIMAL FLOOD HAZARD,
POINT (-73.89972057523393 40.87323070825845),2,Bronx,208,14,81,33,13,4149,492,General,backed 2,04/04/2019,2865 Claflin Avenue,2865 Claflin Avenue,Claflin Avenue,W 179 Street & Reservoir Avenue,Bronx,208,Not Applicable,Not Applicable,40.873239,-73.899722,X,AREA OF MINIMAL FLOOD HAZARD,
POINT (-73.86171758908459 40.861273709689115),2,Bronx,211,13,80,34,14,3572,2316,Municipal Facilities,backed,05/26/2017,2401 Bronxwood Avenue,2401 Bronxwood Avenue,Bronxwood Avenue,Waring Avenue & Mace Avenue,Bronx,211,Not Applicable,Not Applicable,40.861282,-73.861719,X,AREA OF MINIMAL FLOOD HAZARD,
POINT (-73.91474657393604 40.83213571735526),2,Bronx,204,16,77,32,15,3217,1988,General,backed,09/18/2015,1150 Morris Avenue,270 E. 167th Street,East 167th Street and College,E. 167th Street and E. 166th Street,Bronx,204,BX32,Not Applicable,40.832144,-73.914748,X,AREA OF MINIMAL FLOOD HAZARD,
POINT (-73.8975205790508 40.82956071732713),2,Bronx,203,17,79,32,15,3129,1985,General,backed,08/06/2015,1339 Prospect Avenue,821 East 169th Street,East 169th Street,East 169th Street & Freeeman Street,Bronx,203,Not Applicable,Not Applicable,40.829569,-73.897522,X,AREA OF MINIMAL FLOOD HAZARD,
POINT (-73.89006225470476 40.86100770548604),2,Bronx,206,15,78,34,15,1694,931,BID,backed,02/07/2013,401 E. Fordham Road,401 E. Fordham Road,East Fordham Road,Third Avenue & Webster Avenue,Bronx,206,Not Applicable,Fordham Road,40.8610077055,-73.8900622547,X,AREA OF MINIMAL FLOOD HAZARD,
POINT (-73.9144414423008 40.81168667530922),2,Bronx,201,8,84,29,15,3818,112,Bus Route,backless 2,06/29/2017,Saint Mary's Park,450 St Ann's Avenue,St Ann's Avenue,E 143rd Street & E 144th Street,Bronx,201,BX17,Not Applicable,40.8116866753,-73.9144414423,X,AREA OF MINIMAL FLOOD HAZARD,6
POINT (-73.87203758424113 40.87867670645817),2,Bronx,207,11,80,36,13,2090,1068,General,backed,10/25/2013,380 E. Gun Hill Road,380 E. Gun Hill Road,Webster Avenue,E Gun Hill Road and E205th Street,Bronx,207,BX41,Jerome-Gun Hill,40.878685,-73.872039,X,AREA OF MINIMAL FLOOD HAZARD,
POINT (-73.90888457633022 40.813719720101886),2,Bronx,201,8,84,29,15,3384,1909,Municipal Facilities,backed,08/14/2014,564 Jackson Avenue,564 Jackson Avenue,Concord Avenue,E 149th Street & E 150t Street,Bronx,201,Not Applicable,Not Applicable,40.813728,-73.908886,X,AREA OF MINIMAL FLOOD HAZARD,
POINT (-73.893414578016 40.861905710785855),2,Bronx,205,15,78,33,15,1209,645,BID,backless,10/16/2012,331 East Fordham Road,331 E Fordham Road,Bainbridge Avenue,Bainbridge Avenue and East Kingsbridge Road,Bronx,207,BX22,Fordham Road,40.861914,-73.893416,X,AREA OF MINIMAL FLOOD HAZARD,
POINT (-73.8638765875424 40.86439470888233),2,Bronx,211,13,80,34,14,2924,1598,General,backed,01/06/2015,2550 Boston Road,2550 Boston Road,Boston Road,Wallace Avenue and Barnes Avenue,Bronx,211,Not Applicable,Not Applicable,40.864403,-73.863878,X,AREA OF MINIMAL FLOOD HAZARD,
POINT (-73.87839358238398 40.88137870607696),2,Bronx,207,11,81,36,13,3533,97,Municipal Facilities,backed 2,07/03/2017,3511 Bainbridge Avenue,3511 Bainbridge Avenue,Bainbridge Avenue,E Gun Hill Road & E 211 Street,Bronx,207,Not Applicable,Jerome-Gun Hill,40.881387,-73.878395,X,AREA OF MINIMAL FLOOD HAZARD,
POINT (-73.92597757091536 40.80619172275462),2,Bronx,201,8,84,29,15,3448,2307,Municipal Facilities,backed,06/10/2016,80 Bruckner Boulevard,80 Bruckner Boulevard,Buckner Boulevard,Willis Avenue & Alexander Avenue,Bronx,201,Not Applicable,Not Applicable,40.8062,-73.925979,X,AREA OF MINIMAL FLOOD HAZARD,4
POINT (-73.85809659280585 40.821245717366395),2,Bronx,209,18,87,32,15,2101,774,Community Health Centers,backed,08/08/2013,731 White Plains Road,731 White Plains Road,White Plains Road,Lafayette and Seward Avenues,Bronx,209,Not Applicable,Not Applicable,40.821254,-73.858098,X,AREA OF MINIMAL FLOOD HAZARD,4
POINT (-73.8875105823621 40.83414871571038),2,Bronx,203,17,79,32,15,2706,1298,Municipal Facilities,backed,09/12/2014,1550 Vyse Avenue,1550 Vyse Avenue,Vyse Avenue,East 172nd Street & East 173rd Street,Bronx,203,Not Applicable,Not Applicable,40.834157,-73.887512,X,AREA OF MINIMAL FLOOD HAZARD,
POINT (-73.89229257704223 40.89585670424551),2,Bronx,226,11,81,34,16,3600,32,Bus Route,backed 2,03/11/2017,Van Cortland Park,5983 Broadway,Broadway,Manhattan College Parkway & W 242nd Street,Bronx,208,BX09,Not Applicable,40.895865,-73.892294,X,AREA OF MINIMAL FLOOD HAZARD,
POINT (-73.90987757462749 40.84608071442394),2,Bronx,205,14,77,33,15,2586,1001,Municipal Facilities,backless,06/30/2014,1775 Grand Concourse,109 E. 175th Street,E. 175th Street,Walton Avenue and Grand Concourse,Bronx,205,BX32,Not Applicable,40.846089,-73.909879,X,AREA OF MINIMAL FLOOD HAZARD,
POINT (-73.88245158276806 40.850553712467665),2,Bronx,206,15,78,33,15,3183,2009,AAR,backed,10/01/2015,2300 Southern Boulevard,1016 Bronx Park South,Boston Road,Bronx Park S & E 180th Street,Bronx,206,Not Applicable,Not Applicable,40.850562,-73.882453,X,AREA OF MINIMAL FLOOD HAZARD,
POINT (-73.86837058966707 40.81845871819455),2,Bronx,209,18,85,34,15,2808,1124,Municipal Facilities,backed,01/20/2015,1695 Seward Avenue,1695 Seward Avenue,Seward Avenue,Croes Avenue & Croes Place,Bronx,209,Not Applicable,Not Applicable,40.818467,-73.868372,X,AREA OF MINIMAL FLOOD HAZARD,5
POINT (-73.90949857522985 40.8324687170031),2,Bronx,203,16,79,32,15,2472,809,Health Care Facilities,backed,06/20/2014,1230 Webster Avenue,1230 Webster Avenue,East 168th Street,Park Avenue and Webster Avenue,Bronx,203,BX35,Not Applicable,40.832477,-73.9095,X,AREA OF MINIMAL FLOOD HAZARD,6
POINT (-73.85691259107838 40.84778871228377),2,Bronx,211,13,82,34,14,2536,825,Municipal Facilities,backless,06/24/2014,974 Morris Park Avenue,974 Morris Park Avenue,Morris Park Avenue,Radcliff Avenue and Colden Avenue,Bronx,211,BX21,Not Applicable,40.847797,-73.856914,X,AREA OF MINIMAL FLOOD HAZARD,
POINT (-73.83390259699092 40.874082706436425),2,Bronx,210,12,82,36,16,1352,377,General,backed,01/11/2013,750 Baychester Avenue,750 Baychester Avenue,Baychester Avenue,Aldrich Street and Donizetti Place,Bronx,210,Not Applicable,Not Applicable,40.874091,-73.833904,X,AREA OF MINIMAL FLOOD HAZARD,6
POINT (-73.89642458022136 40.820979718640636),2,Bronx,202,17,85,32,15,4123,595,Bus Route,backless 2,07/12/2018,938 East 163rd Street,938 East 163rd Street,East 163rd Street,Intervale Avenue & Kelly Street,Bronx,202,BX6,Not Applicable,40.820988,-73.896426,X,AREA OF MINIMAL FLOOD HAZARD,6
POINT (-73.92424957020701 40.84231671531338),2,Bronx,204,16,77,29,15,3477,1,Bus Route,backed 2,02/04/2017,1399 Ogden Avenue,1399 Ogden Avenue,Ogden Aveue,W 179th Street & W 171st Street,Bronx,204,BX13,Not Applicable,40.842325,-73.924251,X,AREA OF MINIMAL FLOOD HAZARD,
POINT (-73.89309957832815 40.86184771053486),2,Bronx,205,15,78,33,15,1199,258,BID,backed,10/22/2012,350 East Fordham Road,350 East Fordham Road,East Fordham Road,Elm Place and Marion Avenues,Bronx,205,Not Applicable,Fordham Road,40.861856,-73.893101,X,AREA OF MINIMAL FLOOD HAZARD,
POINT (-73.92035957211542 40.831054717441305),2,Bronx,204,16,77,32,15,2311,1632,General,backless,01/08/2014,1040 Grand Concourse,1040 Grand Concourse,Grand Concourse,E165th & E166th Street,Bronx,204,BX1,Not Applicable,40.831063,-73.920361,X,AREA OF MINIMAL FLOOD HAZARD,
POINT (-73.92261157190347 40.82437371889715),2,Bronx,204,16,79,32,15,3130,1679,AAR,backed,08/06/2015,790 Concourse Village West,790 Concourse Village West,Concourse Village West,East 153rd Street & Thurmon Munson Way,Bronx,204,Not Applicable,Not Applicable,40.824382,-73.922613,X,AREA OF MINIMAL FLOOD HAZARD,
POINT (-73.90027057759731 40.84887171360409),2,Bronx,206,15,86,33,15,2438,966,Health Care Facilities,backed,05/01/2014,1946 Webster Avenue,1946 Webster Avenue,Webster Avenue,E. Tremont Avenue and E. 178th Street,Bronx,206,Not Applicable,Not Applicable,40.84888,-73.900272,X,AREA OF MINIMAL FLOOD HAZARD,
POINT (-73.9011365760892 40.86922470955985),2,Bronx,208,14,81,33,13,2563,947,Municipal Facilities,backed,06/27/2014,118 Eames Place,118 Eames Place,Eames Place,Claflin Avenue and University Avenue,Bronx,208,Not Applicable,Not Applicable,40.869233,-73.901138,X,AREA OF MINIMAL FLOOD HAZARD,
POINT (-73.90808457397927 40.85974971119104),2,Bronx,207,14,86,33,15,2567,751,Municipal Facilities,backless,06/27/2014,86 W. 183rd Street,86 W. 183rd Street,University Avenue,W. 183rd Street and Hall of Fame Terrace,Bronx,207,BX03,Not Applicable,40.859758,-73.908086,X,AREA OF MINIMAL FLOOD HAZARD,
POINT (-73.84855859534086 40.82132471721945),2,Bronx,209,18,87,34,15,945,367,General,backed,01/10/2013,706 Castle Hill Avenue,706 Castle Hill Avenue,Castle Hill Avenue,Seward and Homer Avenues,Bronx,209,Not Applicable,Not Applicable,40.821333,-73.84856,X,AREA OF MINIMAL FLOOD HAZARD,5
POINT (-73.85657859274244 40.81482471850082),2,Bronx,209,18,85,34,15,2891,964,Municipal Facilities,backless,12/17/2014,456 White Plains Road,456 White Plains Road,White Plains Road,Lacombe Avenue and Patterson Avenue,Bronx,209,BX39,Not Applicable,40.814833,-73.85658,X,AREA OF MINIMAL FLOOD HAZARD,4
POINT (-73.87758958291323 40.87191370804537),2,Bronx,207,11,80,36,13,2345,1158,General,backed,02/24/2014,358 East 204th Street,358 East 204th Street,East 204th Street,Decatur Avenue & Hull Avenue,Bronx,207,Not Applicable,Not Applicable,40.871922,-73.877591,X,AREA OF MINIMAL FLOOD HAZARD,
POINT (-73.89233692159803 40.83153443231613),2,Bronx,203,17,79,32,15,1535,304,General,backed,02/04/2013,1334 Louis Nine Boulevard,1334 Louis Nine Boulevard,Plaza,"Intervale Avenue, Louis Nine Blvd & Jennings Street",Bronx,203,Not Applicable,Not Applicable,40.8315344323,-73.8923369216,X,AREA OF MINIMAL FLOOD HAZARD,
POINT (-73.91911557260984 40.816427720637776),2,Bronx,201,17,84,32,15,25,52,Bus Route,backless,05/16/2012,360 East 149th Street,360 East 149th Street,East 149th Street,Courtlandt and Melrose Avenues,Bronx,201,BX19,Not Applicable,40.816436,-73.919117,X,AREA OF MINIMAL FLOOD HAZARD,
POINT (-73.89865257730274 40.862256710590046),2,Bronx,207,14,86,33,15,1193,558,BID,backed,05/07/2013,125 East Fordham Road,125 East Fordham Road,East Fordham Road,Creston Avenue & Morris Avenue,Bronx,207,Not Applicable,Fordham Road,40.862265,-73.898654,X,AREA OF MINIMAL FLOOD HAZARD,
POINT (-73.89006225470476 40.86100770548604),2,Bronx,206,15,78,34,15,1694,932,BID,backed,02/07/2013,401 E. Fordham Road,401 E. Fordham Road,East Fordham Road,Third Avenue & Webster Avenue,Bronx,206,Not Applicable,Fordham Road,40.8610077055,-73.8900622547,X,AREA OF MINIMAL FLOOD HAZARD,
POINT (-73.90700357295886 40.880029707093634),2,Bronx,208,11,81,34,13,1131,369,General,backed,01/11/2013,260 West 231st Street,260 West 231st Street,West 231st Street,Corlear Avenue and Kingsbridge Avenue,Bronx,208,Not Applicable,Not Applicable,40.880038,-73.907005,X,AREA OF MINIMAL FLOOD HAZARD,5
POINT (-73.83175559674511 40.88920270292946),2,Bronx,212,12,83,36,16,2771,1227,General,backless,01/06/2015,1534 E. 233rd Street,1534 E. 233rd Street,E. 233rd Street,Secor Avenue & Dyre Avenue,Bronx,212,BX16,Not Applicable,40.889211,-73.831757,X,AREA OF MINIMAL FLOOD HAZARD,
POINT (-73.9127165749843 40.82275471878288),2,Bronx,203,17,79,32,15,796,353,General,backed,01/10/2013,843 Elton Avenue,843 Elton Avenue,East 160th Street,East 159th and 160th Streets,Bronx,203,Not Applicable,Not Applicable,40.822763,-73.912718,X,AREA OF MINIMAL FLOOD HAZARD,6
POINT (-73.92031274198166 40.847075747489086),2,Bronx,205,14,77,29,15,1754,1113,General,backed,02/04/2014,1605 University Avenue,1605 University Avenue,University Avenue,W174th Street & W175th Street,Bronx,205,Not Applicable,Not Applicable,40.8470757475,-73.920312742,X,AREA OF MINIMAL FLOOD HAZARD,
POINT (-73.89926257767787 40.84615371371292),2,Bronx,206,15,86,33,15,2728,613,Municipal Facilities,backed,09/03/2014,459 E. 176th Street,459 E. 176th Street,E. 176th Street,Park Avenue and Washington Avenue,Bronx,206,Not Applicable,Not Applicable,40.846162,-73.899264,X,AREA OF MINIMAL FLOOD HAZARD,
POINT (-73.85717269782397 40.83678256481805),2,Bronx,209,18,87,32,14,4198,663,General,backed 2,08/01/2018,1536 Unionport Road,1536 Unionport Road,Unionport Road,Starling Avenue & Metropolitan Oval,Bronx,209,BX22,Not Applicable,40.8367825648,-73.8571726978,X,AREA OF MINIMAL FLOOD HAZARD,6
POINT (-73.87922858167346 40.88142570582174),2,Bronx,207,11,81,36,13,4048,464,Bus Route,backless 2,03/06/2018,100 East Gun Hill Road,100 East Gun Hill Road,East Gun Hill Road,Dekalb Avenue & Rochambeau Avenue,Bronx,207,BX10,Jerome-Gun Hill,40.881434,-73.87923,X,AREA OF MINIMAL FLOOD HAZARD,
POINT (-73.84249759579055 40.84024371255608),2,Bronx,210,13,82,34,14,2862,1537,BID,backed,10/15/2014,127 Westchester Square,127 Westchester Square,Westchester Avenue,East Tremont Avenue & Ferris Place,Bronx,210,Not Applicable,Westchester Square,40.840252,-73.842499,X,AREA OF MINIMAL FLOOD HAZARD,5
POINT (-73.88884558279071 40.81808771866052),2,Bronx,202,17,85,32,15,1778,320,General,backed,02/04/2013,866 Hunts Point Avenue,866 Hunts Point Avenue,Hunts Point Avenue,Seneca Avenue & Gilbert Place,Bronx,202,Not Applicable,Not Applicable,40.818096,-73.888847,X,AREA OF MINIMAL FLOOD HAZARD,
POINT (-73.85820559042918 40.84472171268545),2,Bronx,211,13,80,34,14,2708,2708,Municipal Facilities,backed,08/05/2014,1640 Bronxdale Avenue,1640 Bronxdale Avenue,Bronxdale Avenue,Van Nest Avenue & Pierce Avenue,Bronx,211,Not Applicable,Not Applicable,40.84473,-73.858207,X,AREA OF MINIMAL FLOOD HAZARD,
POINT (-73.92683656962967 40.832697717059574),2,Bronx,204,8,77,29,15,2659,1874,Municipal Facilities,backed,08/07/2014,1020 Anderson Avenue,1020 Anderson Avenue,Anderson Avenue,W. 164th Street and W. 165th Street,Bronx,204,Not Applicable,Not Applicable,40.832706,-73.926838,X,AREA OF MINIMAL FLOOD HAZARD,
POINT (-73.92795257075939 40.809873722105785),2,Bronx,201,8,84,29,15,3180,1587,AAR,backed,10/01/2015,191 Lincoln Avenue,191 Lincoln Avenue,Lincoln Avenue,136th Street & 138th Street,Bronx,201,Not Applicable,Not Applicable,40.809882,-73.927954,X,AREA OF MINIMAL FLOOD HAZARD,4
POINT (-73.91990157277918 40.80952572152587),2,Bronx,201,8,84,29,15,2134,744,Community Health Centers,backed,09/09/2013,468 East 140th Street,468 East 140th Street,East 140th Street,Willis and Brook Avenues,Bronx,201,Not Applicable,Not Applicable,40.809534,-73.919903,X,AREA OF MINIMAL FLOOD HAZARD,6
POINT (-73.91920757103718 40.8537307131979),2,Bronx,205,16,77,33,13,3984,957,Bus Route,backless,03/06/2018,1854 Cedar Avenue,1854 Cedar Avenue,Cedar Avenue,W Tremont Avenue & W 179th Street,Bronx,205,BX40,Not Applicable,40.853739,-73.919209,X,AREA OF MINIMAL FLOOD HAZARD,5
POINT (-73.88374158197414 40.8505527126602),2,Bronx,206,15,79,33,15,2704,1547,Municipal Facilities,backed,10/02/2014,770 Grote Street,770 Grote Street,Grote Street,Old Kingsbridge Road & Prospect Avenue,Bronx,206,Not Applicable,Not Applicable,40.850561,-73.883743,X,AREA OF MINIMAL FLOOD HAZARD,
POINT (-73.90501257620086 40.836395716227955),2,Bronx,203,16,79,33,15,2692,1301,Municipal Facilities,backed,09/10/2014,450 Saint Pauls Place,1399 Washington Avenue,Washington Avenue,St. Pauls Place & East 170th Street,Bronx,203,Not Applicable,Not Applicable,40.836404,-73.905014,X,AREA OF MINIMAL FLOOD HAZARD,
POINT (-73.85313159310472 40.841336712969635),2,Bronx,210,18,87,32,14,2900,797,Municipal Facilities,backless,12/18/2014,1754 Castle Hill Avenue,1754 Castle Hill Avenue,Castle Hill Avenue,East Tremont Avenue & Metropolitan Avenue,Bronx,210,BX4A,Not Applicable,40.841345,-73.853133,X,AREA OF MINIMAL FLOOD HAZARD,
POINT (-73.91698157365725 40.815769720674936),2,Bronx,201,17,84,32,15,26,71,Bus Route,backless,05/16/2012,414 & 416 East 149th Street,414 East 149th Street,East 149th Street,Bergen and Third Avenues,Bronx,201,BX19,Not Applicable,40.815778,-73.916983,X,AREA OF MINIMAL FLOOD HAZARD,6
POINT (-73.87835644683715 40.87277620406993),2,Bronx,207,11,80,36,13,2343,1353,General,backed,02/24/2014,313 East 204th Street,313 East 204th Street,East 204th Street,Perry Avenue & Hull Avenue,Bronx,207,Not Applicable,Not Applicable,40.8727762041,-73.8783564468,X,AREA OF MINIMAL FLOOD HAZARD,
POINT (-73.90612357627647 40.82242871908552),2,Bronx,203,16,79,32,15,2870,753,Municipal Facilities,backless,11/18/2014,920 Trinity Avenue,690 East 163rd Street,East 163rd Street,Tinton Avenue & Trinity Avenue,Bronx,203,BX06,Not Applicable,40.822437,-73.906125,X,AREA OF MINIMAL FLOOD HAZARD,
POINT (-73.92849556976103 40.8290267184749),2,Bronx,204,16,84,29,15,4124,596,General,backless 2,07/12/2018,1 East 161st Street,1 East 161st Street,East 161st Street,River Avenue & Macombs Dam Bridge,Bronx,204,Not Applicable,Not Applicable,40.829035,-73.928497,X,AREA OF MINIMAL FLOOD HAZARD,6
POINT (-73.87544858305972 40.87243870744604),2,Bronx,207,11,80,36,13,2339,1007,General,backed,03/19/2014,3170 Webster Avenue,3170 Webster Avenue,Webster Avenue,E204th & E205th Street,Bronx,207,BX41,Not Applicable,40.872447,-73.87545,X,AREA OF MINIMAL FLOOD HAZARD,
POINT (-73.91723057367713 40.825187718883434),2,Bronx,204,17,79,32,15,2127,1015,Community Health Centers,backless,09/09/2013,315 E 161st Street,315 E 161st Street,E 161st Street,Park Avenue and Morris Avenue,Bronx,204,BX06,Not Applicable,40.825196,-73.917232,X,AREA OF MINIMAL FLOOD HAZARD,
POINT (-73.92310057176861 40.82603971836939),2,Bronx,204,8,84,29,15,3299,3299,General,backed,05/05/2016,851 Grand Concourse,851 Grand Concourse,Grand Concourse,158th Street & 159th Street,Bronx,204,Not Applicable,161st Street,40.826048,-73.923102,X,AREA OF MINIMAL FLOOD HAZARD,
POINT (-73.83037759978453 40.84970671104034),2,Bronx,210,13,82,34,14,3224,0,General,backed,05/05/2016,3151 Westchester Avenue,3151 Westchester Avenue,Westchester Avenue,Wilkinson Avenue & St Theresa Avenue,Bronx,210,Not Applicable,Not Applicable,40.849715,-73.830379,X,AREA OF MINIMAL FLOOD HAZARD,
POINT (-73.91474657393604 40.83213571735526),2,Bronx,204,16,77,32,15,2904,695,Municipal Facilities,backless,09/18/2015,1150 Morris Avenue,1150 Morris Avenue,Morris Avenue,East 167th Street and McClellan Street,Bronx,204,BX32,Not Applicable,40.832144,-73.914748,X,AREA OF MINIMAL FLOOD HAZARD,
POINT (-73.91608057270815 40.842486715087425),2,Bronx,204,14,77,29,15,3478,135,Municipal Facilities,backed 2,06/29/2017,1501 Jerome Avenue,1501 Jerome Avenue,Jerome Avenue,172nd Street & Goble Place,Bronx,204,Not Applicable,Not Applicable,40.842495,-73.916082,X,AREA OF MINIMAL FLOOD HAZARD,
POINT (-73.82730918958653 40.85215899770711),2,Bronx,210,13,82,34,14,3673,45,Bus Route,backless 2,03/11/2017,3669 Amendola Place,3669 Amendola Place,Amendola Place,Westchester Avenue & Bruckner Blvd,Bronx,210,BX12,Not Applicable,40.8521589977,-73.8273091896,X,AREA OF MINIMAL FLOOD HAZARD,
POINT (-73.89611657805885 40.860906710878915),2,Bronx,205,15,86,33,15,2092,767,Community Health Centers,backed,08/06/2013,260 East 188th Street,260 East 188th Street,Valentine Avenue,East 187th and 188th Streets,Bronx,205,Not Applicable,Not Applicable,40.860915,-73.896118,X,AREA OF MINIMAL FLOOD HAZARD,
POINT (-73.9101775743811 40.84381571430551),2,Bronx,204,15,86,33,15,2571,1180,Municipal Facilities,backed,07/14/2014,155 E. 173rd Street,155 E. 173rd Street,E. 173rd Street,Morris Avenue and Selwyn Avenue,Bronx,204,Not Applicable,Not Applicable,40.843824,-73.910179,X,AREA OF MINIMAL FLOOD HAZARD,
POINT (-73.8303645972375 40.88301670401251),2,Bronx,212,12,83,36,16,3592,0,Municipal Facilities,backed,06/28/2017,3441 Steenwick Avenue,3441 Steenwick Avenue,Reeds Mill Lane,Reeds Mill Lane & Boston Road,Bronx,212,Not Applicable,Not Applicable,40.883025,-73.830366,X,AREA OF MINIMAL FLOOD HAZARD,
POINT (-73.87567658619875 40.82991271620618),2,Bronx,209,18,85,32,15,3476,132,Municipal Facilities,backed 2,07/06/2017,1215 Stratford Avenue,1215 Stratford Avenue,Stratford Avenue,Westchester Avenue & E 172nd Street,Bronx,209,Not Applicable,Not Applicable,40.829921,-73.875678,X,AREA OF MINIMAL FLOOD HAZARD,6
POINT (-73.88981358107439 40.84670271326906),2,Bronx,206,17,79,33,15,2726,1175,Municipal Facilities,backed,09/03/2014,700 East 179th Street,1991 Clinton Avenue,Clinton Avenue,East 178th Street & East 179th Street,Bronx,205,Not Applicable,Not Applicable,40.846711,-73.889815,X,AREA OF MINIMAL FLOOD HAZARD,
POINT (-73.86771558697644 40.853820711414464),2,Bronx,211,13,80,34,14,2991,1126,General,backed,01/21/2015,2112 White Plains Road,2112 White Plains Road,White Plains Road,Lydig Avenue and Maran Place,Bronx,211,Not Applicable,White Plains Road,40.853829,-73.867717,X,AREA OF MINIMAL FLOOD HAZARD,
POINT (-73.92829456956486 40.83486171688338),2,Bronx,204,8,84,29,15,2124,679,Community Health Centers,backed,09/09/2013,1067 Ogden Avenue,1067 Ogden Avenue,Odgen Avenue,W 165th Street and W 166th Street,Bronx,204,Not Applicable,Not Applicable,40.83487,-73.928296,X,AREA OF MINIMAL FLOOD HAZARD,
POINT (-73.90816057288498 40.88068970743098),2,Bronx,208,11,81,34,13,3428,1772,General,backed,06/14/2016,295 W 231st Street,295 W 231st Street,W 231st Street,Tibbett Avenue & Corlear Avenue,Bronx,208,Not Applicable,Not Applicable,40.880698,-73.908162,X,AREA OF MINIMAL FLOOD HAZARD,5
POINT (-73.92962956937104 40.819143720340136),2,Bronx,201,8,84,29,15,17,64,Bus Route,backless,,110 East 149th Street,110 East 149th Street,West 149th Street,Gerard Avenue River Avenue,Bronx,201,BX19,Not Applicable,40.819152,-73.929631,X,AREA OF MINIMAL FLOOD HAZARD,4
POINT (-73.92033457349243 40.81216372148317),2,Bronx,201,8,84,29,15,3817,224,Senior Safety,backed,08/01/2017,401 E 143rd Street,401 E 143rd Street,E 143rd Street,Willis Avenue & Brook Avenue,Bronx,201,Not Applicable,Not Applicable,40.812172,-73.920336,X,AREA OF MINIMAL FLOOD HAZARD,6
POINT (-73.92692489530697 40.82609131733839),2,Bronx,204,8,84,29,15,3429,2271,Bus Route,backed,02/04/2017,810 River Avenue,810 River Avenue,River Avenue,E 153rd Street & E 157th Street,Bronx,204,BX13,Not Applicable,40.8260913173,-73.9269248953,X,AREA OF MINIMAL FLOOD HAZARD,6
POINT (-73.90703580010124 40.88669100857826),2,Bronx,208,11,81,34,16,3867,258,Senior Safety,backed 2,09/01/2017,3700 Riverdale Avenue,3700 Riverdale Avenue,Riverdale Avenue,W 236th Street & Fieldstone Road,Bronx,208,Not Applicable,Not Applicable,40.8866910086,-73.9070358001,X,AREA OF MINIMAL FLOOD HAZARD,
POINT (-73.90419757502119 40.855067711986635),2,Bronx,205,14,86,33,15,2417,994,Senior Center,backed,03/19/2014,80 E. 181st Street,80 E. 181st Street,E. 181st Street,Morris Avenue and Walton Avenue,Bronx,205,Not Applicable,Not Applicable,40.855076,-73.904199,X,AREA OF MINIMAL FLOOD HAZARD,
POINT (-73.89671757709719 40.862389710772064),2,Bronx,205,15,78,33,15,1195,256,BID,backed,10/22/2012,204 East Fordham Road,204 East Fordham Road,East Fordham Road,Grand Concourse and Valentine Avenue,Bronx,205,Not Applicable,Fordham Road,40.862398,-73.896719,X,AREA OF MINIMAL FLOOD HAZARD,
POINT (-73.88035658349808 40.83955671396628),2,Bronx,206,17,87,32,15,2705,1404,Municipal Facilities,backed,09/10/2014,1970 West Farms Road,1970 West Farms Road,West Farms Road,East Tremont Avenue & Rodman Place,Bronx,206,Not Applicable,Not Applicable,40.839565,-73.880358,X,AREA OF MINIMAL FLOOD HAZARD,5
POINT (-73.8902095821767 40.81889871835808),2,Bronx,202,17,85,32,15,1781,1033,General,backed,11/14/2013,1012 Garrison Avenue & 891 Hunts Point Avenue,891 Hunts Point Avenue,Hunts Point Avenue,Garrison Avenue and Seneca Avenue,Bronx,202,Not Applicable,Not Applicable,40.818907,-73.890211,X,AREA OF MINIMAL FLOOD HAZARD,
POINT (-73.91476957389455 40.83350271690897),2,Bronx,204,16,77,33,15,3639,41,Senior Safety,backed 2,03/25/2017,252 E. 167th Street,252 E. 167th Street,E. 167th Street,Grant Avenue & Morris Avenue,Bronx,204,Not Applicable,Not Applicable,40.833511,-73.914771,X,AREA OF MINIMAL FLOOD HAZARD,
POINT (-73.89229257704223 40.89585670424551),2,Bronx,226,11,81,34,16,3600,34,Bus Route,backed 2,03/11/2017,Van Cortland Park,5983 Broadway,Broadway,Manhattan College Parkway & W 242nd Street,Bronx,208,BX09,Not Applicable,40.895865,-73.892294,X,AREA OF MINIMAL FLOOD HAZARD,
POINT (-73.9046965774422 40.81737471959489),2,Bronx,201,17,84,29,15,3865,315,General,backed,08/23/2017,Abigail Playground,800 E 156th Street,Tinton Avenue,Tinton Avenue & Union Avenue,Bronx,201,Not Applicable,Not Applicable,40.817383,-73.904698,X,AREA OF MINIMAL FLOOD HAZARD,
POINT (-73.92849556976103 40.8290267184749),2,Bronx,204,16,84,29,15,3181,1954,AAR,backed,10/01/2015,1 E. 161st Street,1 E. 161st Street,161st Street,Macombs Dam Bridge & River Avenue,Bronx,204,Not Applicable,Not Applicable,40.829035,-73.928497,X,AREA OF MINIMAL FLOOD HAZARD,6
POINT (-73.88403097584299 40.87410498922492),2,Bronx,207,11,78,36,13,1796,319,General,backed,03/27/2013,259 East 204th Street,259 East 204th Street,East 204th Street,Valentine Avenue & E Mosholu Pkwy,Bronx,207,Not Applicable,Not Applicable,40.8741049892,-73.8840309758,X,AREA OF MINIMAL FLOOD HAZARD,
POINT (-73.9019985740444 40.882858706345445),2,Bronx,208,11,81,33,13,3746,216,BID,backed,08/01/2017,5740 Broadway,5740 Broadway,Broadway,W 236th Street & W 234th Street,Bronx,208,Not Applicable,Kingsbridge,40.882867,-73.902,X,AREA OF MINIMAL FLOOD HAZARD,5
POINT (-73.87904758243687 40.87349070751447),2,Bronx,207,11,80,36,13,1969,612,General,backed,07/02/2013,283 East 204th Street,283 East 204th Street,East 204th Street,East 205th Street & Perry Avenue,Bronx,207,Not Applicable,Not Applicable,40.873499,-73.879049,X,AREA OF MINIMAL FLOOD HAZARD,
POINT (-73.86068859151428 40.81729671788821),2,Bronx,209,18,85,34,15,3590,131,Municipal Facilities,backed 2,07/06/2017,1846 Randall Avenue,1846 Randall Avenue,Thieriot Avenue,Thieriot Avenue & Leland Avenue,Bronx,209,Not Applicable,Not Applicable,40.817305,-73.86069,X,AREA OF MINIMAL FLOOD HAZARD,5
POINT (-73.8875615804258 40.86784570953693),2,Bronx,207,15,78,34,13,3978,9999,Senior Center,backed,03/06/2018,323 E 198th Street,323 E 198th Street,E 198th Street,Bainbridge Ave & Pond Place,Bronx,207,Not Applicable,Not Applicable,40.867854,-73.887563,X,AREA OF MINIMAL FLOOD HAZARD,
POINT (-73.88718558188054 40.83828971509437),2,Bronx,203,17,79,32,15,3527,558,Municipal Facilities,backed 2,05/26/2017,1778 Southern Boulevard,1778 Southern Boulevard,Boston Road & E. 175th Street,Boston Road,Bronx,203,Not Applicable,Not Applicable,40.838298,-73.887187,X,AREA OF MINIMAL FLOOD HAZARD,
POINT (-73.83390259699092 40.874082706436425),2,Bronx,210,12,82,36,16,1352,343,General,backed,01/11/2013,750 Baychester Avenue,750 Baychester Avenue,Baychester Avenue,Aldrich Street and Donizetti Place,Bronx,210,Not Applicable,Not Applicable,40.874091,-73.833904,X,AREA OF MINIMAL FLOOD HAZARD,6
POINT (-73.86596000723954 40.82323970090984),2,Bronx,209,18,85,32,15,1168,344,Senior Center,backed,01/11/2013,1776 Story Avenue,1776 Story Avenue,Story Avenue,Rosedale Avenue and Taylor Avenue,Bronx,209,Not Applicable,Not Applicable,40.8232397009,-73.8659600072,X,AREA OF MINIMAL FLOOD HAZARD,4
POINT (-73.90055957906446 40.8222487185465),2,Bronx,203,17,79,32,15,4122,617,Bus Route,backless 2,07/12/2018,951 Prospect Avenue,849 East 163rd Street,East 163rd Street,Prospect Avenue & Union Avenue,Bronx,202,BX6,Not Applicable,40.822257,-73.900561,X,AREA OF MINIMAL FLOOD HAZARD,
POINT (-73.84408359527316 40.84226871291714),2,Bronx,210,13,82,34,14,4126,496,General,backed 2,04/04/2019,1400 Williamsbridge Road,1400 Williamsbridge Road,Williamsbridge Road,East Tremont Avenue & Williamsbridge Road,Bronx,210,Not Applicable,Westchester Square,40.842277,-73.844085,X,AREA OF MINIMAL FLOOD HAZARD,5
POINT (-73.92035957211542 40.831054717441305),2,Bronx,204,16,77,32,15,2311,1656,General,backless,01/08/2014,1040 Grand Concourse,1040 Grand Concourse,Grand Concourse,E165th & E166th Street,Bronx,204,BX1,Not Applicable,40.831063,-73.920361,X,AREA OF MINIMAL FLOOD HAZARD,
POINT (-73.89516557847357 40.858822711203274),2,Bronx,205,15,86,33,15,2725,1024,Municipal Facilities,backed,09/03/2014,2400 Marion Avenue,2400 Marion Avenue,Marion Avenue,East 184th Street & East 187th Street,Bronx,205,Not Applicable,Not Applicable,40.858831,-73.895167,X,AREA OF MINIMAL FLOOD HAZARD,
POINT (-73.9175405720102 40.840173715178814),2,Bronx,204,16,77,29,15,3479,19,Bus Route,backless 2,02/04/2017,1 E 170th Street,1 E 170th Street,E 170th Street,Jerome Avenue & Townsend Avenue,Bronx,204,BX11,Not Applicable,40.840182,-73.917542,X,AREA OF MINIMAL FLOOD HAZARD,
POINT (-73.8638765875424 40.86439470888233),2,Bronx,211,13,80,34,14,3128,441,General,backed,01/06/2015,2550 Boston Road,2550 Boston Road,Boston Road,Wallace Avenue & Barnes Avenue,Bronx,211,Not Applicable,Not Applicable,40.864403,-73.863878,X,AREA OF MINIMAL FLOOD HAZARD,
POINT (-73.8935095806114 40.81796871906509),2,Bronx,202,17,85,32,15,2137,878,Community Health Centers,backed,09/11/2013,853 Tiffany Street,853 Tiffany Street,Tiffany Street,Bruckner and Southern Boulevards,Bronx,202,Not Applicable,Not Applicable,40.817977,-73.893511,X,AREA OF MINIMAL FLOOD HAZARD,6
POINT (-73.8965795802176 40.82097971818753),2,Bronx,202,17,85,32,15,4120,615,Bus Route,backless 2,07/12/2018,934 East 163rd Street,938 East 163rd Street,East 163rd Street,Intervale Avenue & Kelly Street,Bronx,202,BX6,Not Applicable,40.820988,-73.896581,X,AREA OF MINIMAL FLOOD HAZARD,6
POINT (-73.92683656962967 40.832697717059574),2,Bronx,204,8,77,29,15,2659,1182,Municipal Facilities,backed,08/07/2014,1020 Anderson Avenue,1020 Anderson Avenue,Anderson Avenue,W. 164th Street and W. 165th Street,Bronx,204,Not Applicable,Not Applicable,40.832706,-73.926838,X,AREA OF MINIMAL FLOOD HAZARD,
POINT (-73.88867142115105 40.85824245736332),2,Bronx,206,15,78,33,15,3426,1773,Municipal Facilities,backed,08/09/2016,2465 Bathgate Avenue,2465 Bathgate Avenue,Bathgate Avenue,188th Street & 189th Street,Bronx,206,Not Applicable,Not Applicable,40.8582424574,-73.8886714212,X,AREA OF MINIMAL FLOOD HAZARD,
POINT (-73.84084959391758 40.88858370386462),2,Bronx,212,12,83,36,16,2522,941,Municipal Facilities,backed,06/23/2014,1255 E 233rd Street,1255 E 233rd Street,E 233rd Street,Wider Avenue and DeReimer Avenue,Bronx,212,Not Applicable,Not Applicable,40.888592,-73.840851,X,AREA OF MINIMAL FLOOD HAZARD,
POINT (-73.88722358193723 40.83719771468678),2,Bronx,203,17,79,32,15,2877,1272,Municipal Facilities,backless,12/03/2014,931 E. 174th Street,931 E. 174th Street,Hoe Avenue,Hoe Avenue and Southern Blvd.,Bronx,203,BX36,Not Applicable,40.837206,-73.887225,X,AREA OF MINIMAL FLOOD HAZARD,
POINT (-73.92188557209461 40.808686721729195),2,Bronx,201,8,84,29,15,3449,2302,Municipal Facilities,backed,06/10/2016,423 E 138th Street,423 E 138th Street,E 138th Street,Willis Avenue & Brook Avenue,Bronx,201,Not Applicable,Not Applicable,40.808695,-73.921887,X,AREA OF MINIMAL FLOOD HAZARD,6
POINT (-73.92031274198166 40.847075747489086),2,Bronx,205,14,77,29,15,1754,1092,General,backed,02/04/2014,1605 University Avenue,1605 University Avenue,University Avenue,W174th Street & W175th Street,Bronx,205,Not Applicable,Not Applicable,40.8470757475,-73.920312742,X,AREA OF MINIMAL FLOOD HAZARD,
POINT (-73.907894577072 40.81640271943624),2,Bronx,201,17,79,32,15,3122,1676,General,backed,08/06/2015,671 Westchester Avenue,671 Westchester Avenue,Westchester Avenue,Cauldwell Avenue & Forest Avenue,Bronx,201,Not Applicable,Not Applicable,40.816411,-73.907896,X,AREA OF MINIMAL FLOOD HAZARD,
POINT (-73.90257157515416 40.87440270844859),2,Bronx,208,14,81,33,13,2701,1392,Municipal Facilities,backed,07/30/2014,2880 Kingsbridge Terrace,2880 Kingsbridge Terrace,Kingsbridge Terrace,West 229th Street & West 230th Street,Bronx,208,Not Applicable,Not Applicable,40.874411,-73.902573,X,AREA OF MINIMAL FLOOD HAZARD,
POINT (-73.89872057728151 40.86222671103118),2,Bronx,205,14,86,33,15,1945,539,BID,backed,05/07/2013,114 East Fordham Road,114 East Fordham Road,East Fordham Rd & 188th Street,E. Fordham Road & 188th Street,Bronx,205,Not Applicable,Fordham Road,40.862235,-73.898722,X,AREA OF MINIMAL FLOOD HAZARD,
POINT (-73.92310057175351 40.81007672176939),2,Bronx,201,8,84,29,15,2699,1173,Municipal Facilities,backed,08/14/2014,383 East 139th Street,383 East 139th Street,East 139th Street,Alexander Avenue & Willis Avenue,Bronx,201,Not Applicable,Not Applicable,40.810085,-73.923102,X,AREA OF MINIMAL FLOOD HAZARD,6
POINT (-73.85336459321752 40.822656716675574),2,Bronx,209,18,87,34,15,3595,71,Municipal Facilities,backed 2,07/06/2017,2060 Lafayette Avenue,2060 Lafayette Avenue,Lafayette Avenue,Olmsted Avenue & Pugsley Avenue,Bronx,209,Not Applicable,Not Applicable,40.822665,-73.853366,X,AREA OF MINIMAL FLOOD HAZARD,5
POINT (-73.89190958161282 40.82431271760745),2,Bronx,202,17,85,32,15,1578,416,General,backed,01/14/2013,1051 Southern Blvd,,Southern Blvd,Westchester Avenue and Aldus Street,Bronx,202,Not Applicable,Not Applicable,40.824321,-73.891911,X,AREA OF MINIMAL FLOOD HAZARD,
POINT (-73.85494759184226 40.84869171215935),2,Bronx,211,13,82,34,14,2537,1802,Municipal Facilities,backless,06/24/2014,1041 Morris Park Avenue,1041 Morris Park Avenue,Morris Park Avenue,Hone Avenue and Paulding Avenue,Bronx,211,BX21,Not Applicable,40.8487,-73.854949,X,AREA OF MINIMAL FLOOD HAZARD,
POINT (-73.91871257301452 40.81841471978926),2,Bronx,201,17,84,29,15,3385,2308,Municipal Facilities,backed,06/08/2016,629 Courtlandt Avenue,629 Courtlandt Avenue,Cortlandt Avenue,151st Street & 152nd Street,Bronx,201,Not Applicable,Not Applicable,40.818423,-73.918714,X,AREA OF MINIMAL FLOOD HAZARD,
POINT (-73.92104561923679 40.814296128810895),2,Bronx,201,8,84,29,15,2140,714,Community Health Centers,backed,09/09/2013,2737-2741 3rd Avenue,2737-2741 3rd Avenue,3rd Avenue,East 145th and 146th Streets,Bronx,201,Not Applicable,Not Applicable,40.8142961288,-73.9210456192,X,AREA OF MINIMAL FLOOD HAZARD,5
POINT (-73.89477158004343 40.83118571688187),2,Bronx,203,17,79,32,15,2732,1534,Municipal Facilities,backed,10/02/2014,1330 Bristow Street,1330 Bristow Street,Bristow Street,Freeman Street and Jennings Street,Bronx,203,Not Applicable,Not Applicable,40.831194,-73.894773,X,AREA OF MINIMAL FLOOD HAZARD,
POINT (-73.90720557434808 40.860215711152215),2,Bronx,207,14,86,33,15,2566,822,Municipal Facilities,backless,06/27/2014,2260 University Avenue,2260 University Avenue,University Avenue,183rd Street and W. Fordham Road,Bronx,207,BX03,Not Applicable,40.860224,-73.907207,X,AREA OF MINIMAL FLOOD HAZARD,
POINT (-73.91396457312288 40.84999171376006),2,Bronx,205,14,86,29,15,2569,787,Municipal Facilities,backless,06/30/2014,135 W Tremont Avenue,135 W Tremont Avenue,Tremont Avenue,Harrison Avenue and Grace Avenue,Bronx,205,BX36,Not Applicable,40.85,-73.913966,X,AREA OF MINIMAL FLOOD HAZARD,
POINT (-73.89927558000532 40.8134947203745),2,Bronx,202,8,85,32,15,42,1338,Bus Route,backless,05/16/2012,700 Southern Boulevard,700 Southern Boulevard,Southern Boulevard,Leggett Avenue and East 156th Street,Bronx,202,BX19,Not Applicable,40.813503,-73.899277,X,AREA OF MINIMAL FLOOD HAZARD,
POINT (-73.90613557537222 40.844647714115105),2,Bronx,204,15,86,33,15,2100,738,Community Health Centers,backed,08/08/2013,262 East 174th Street,262 East 174th Street,East 174th Street,Monroe and Topping Avenues,Bronx,204,Not Applicable,Not Applicable,40.844656,-73.906137,X,AREA OF MINIMAL FLOOD HAZARD,
POINT (-73.92119457280616 40.8063427222613),2,Bronx,201,8,84,29,15,2652,553,Municipal Facilities,backed,08/14/2014,165 Brown Place,165 Brown Place,Brown Place,135th Street and 136th Street,Bronx,201,Not Applicable,Not Applicable,40.806351,-73.921196,X,AREA OF MINIMAL FLOOD HAZARD,6
POINT (-73.90175857642355 40.86184171086834),2,Bronx,205,14,86,33,15,3520,54,Municipal Facilities,backed 2,07/03/2017,2424 Jerome Avenue,2424 Jerome Avenue,Jerome Avenue,Frodham Road & W. 184th Street,Bronx,205,Not Applicable,Not Applicable,40.86185,-73.90176,X,AREA OF MINIMAL FLOOD HAZARD,
POINT (-73.92031274198166 40.847075747489086),2,Bronx,205,14,77,29,15,1754,1117,General,backed,02/04/2014,1605 University Avenue,1605 University Avenue,University Avenue,W174th Street & W175th Street,Bronx,205,Not Applicable,Not Applicable,40.8470757475,-73.920312742,X,AREA OF MINIMAL FLOOD HAZARD,
POINT (-73.83137459881101 40.84567971145667),2,Bronx,210,13,82,34,14,3226,2078,General,backed,05/05/2016,1710 Crosby Avenue,1710 Crosby Avenue,Crosby Avenue,Roberts Avenue & Buhre Avenue,Bronx,210,Not Applicable,Not Applicable,40.845688,-73.831376,X,AREA OF MINIMAL FLOOD HAZARD,
POINT (-73.86348558815703 40.86617570860669),2,Bronx,211,13,80,36,14,2524,1343,Municipal Facilities,backed,06/24/2014,2740 Barnes Avenue,2740 Barnes Avenue,Barnes Avenue,Allerton Avenue and Arnow Avenue,Bronx,211,Not Applicable,Not Applicable,40.866184,-73.863487,X,AREA OF MINIMAL FLOOD HAZARD,
POINT (-73.8256796021932 40.83007571466048),2,Bronx,210,13,82,34,14,1395,517,General,backless,03/26/2013,3552 East Tremont Avenue,3552 East Tremont Avenue,East Tremont Avenue,LaFayette Avenue & Sommer Place,Bronx,210,BX40,Not Applicable,40.830084,-73.825681,X,AREA OF MINIMAL FLOOD HAZARD,
POINT (-73.90993957134033 40.88581770673675),2,Bronx,208,11,81,34,16,2102,884,General,backed,10/24/2013,3503 Johnson Avenue,3503 Johnson Avenue,Johnson Avenue,W235th Street & W236th Street,Bronx,208,Not Applicable,Not Applicable,40.885826,-73.909941,X,AREA OF MINIMAL FLOOD HAZARD,
POINT (-73.89219057915763 40.860869710933564),2,Bronx,206,15,78,34,15,1204,0,BID,backless,,2492 Webster Avenue,2492 Webster Avenue,Webster Avenue,E 189th Street and East Fordham Road,Bronx,206,BX41,Fordham Road,40.860878,-73.892192,X,AREA OF MINIMAL FLOOD HAZARD,
POINT (-73.88329258143575 40.87171670859838),2,Bronx,207,11,80,36,13,3415,1750,General,backless,06/14/2016,3011 Bainbridge Avenue,3011 Bainbridge Avenue,Bainbridge Avenue,E Mosholu Parkway S & E 201st Street,Bronx,207,BX34,Not Applicable,40.871725,-73.883294,X,AREA OF MINIMAL FLOOD HAZARD,
POINT (-73.91474657393604 40.83213571735526),2,Bronx,204,16,77,32,15,3217,1856,General,backed,09/18/2015,1150 Morris Avenue,270 E. 167th Street,East 167th Street and College,E. 167th Street and E. 166th Street,Bronx,204,BX32,Not Applicable,40.832144,-73.914748,X,AREA OF MINIMAL FLOOD HAZARD,
POINT (-73.91882957274275 40.81465672053184),2,Bronx,201,8,84,29,15,3182,1892,AAR,backed,10/01/2015,487 Willis Avenue,487 Willis Avenue,Willis Avenue,E 146th Street & E 147th Street,Bronx,201,Not Applicable,Not Applicable,40.814665,-73.918831,X,AREA OF MINIMAL FLOOD HAZARD,6
POINT (-73.89045658100868 40.83589171516092),2,Bronx,203,17,79,33,15,2887,1232,Municipal Facilities,backless,12/03/2014,1619 Boston Road,1619 Boston Road,Boston Road,Seabury Place and E. 173rd Street,Bronx,203,BX21,Not Applicable,40.8359,-73.890458,X,AREA OF MINIMAL FLOOD HAZARD,
POINT (-73.89891057890925 40.82039471905407),2,Bronx,202,17,85,32,15,2731,1321,Municipal Facilities,backed,09/15/2014,888 Rev James A Polite Avenue,888 Rev James A Polite Avenue,Rev James A Polite Avenue,Dawson Street and Westchester Avenue,Bronx,202,Not Applicable,Not Applicable,40.820403,-73.898912,X,AREA OF MINIMAL FLOOD HAZARD,
POINT (-73.85665459294528 40.81506071832987),2,Bronx,209,18,85,34,15,2890,2028,Municipal Facilities,backless,12/14/2014,473 White Plains Road,473 White Plains Road,White Plains Road,Lacombe Avenue and Patterson Avenue,Bronx,209,BX39,Not Applicable,40.815069,-73.856656,X,AREA OF MINIMAL FLOOD HAZARD,4
POINT (-73.90969657372399 40.85412771281362),2,Bronx,205,14,86,33,15,2097,836,Community Health Centers,backless,08/07/2013,57 West Burnside Avenue,57 West Burnside Avenue,West Burnside Avenue,Harrison and Grand Avenues,Bronx,205,BX40,Not Applicable,40.854136,-73.909698,X,AREA OF MINIMAL FLOOD HAZARD,
POINT (-73.84393659371456 40.878578705567556),2,Bronx,212,12,83,36,16,3530,584,Bus Route,backed 2,02/04/2017,3575 Boston Road,3575 Boston Road,Boston Road,Tiemann Avenue & E 222 Steet,Bronx,212,BX30,Not Applicable,40.878587,-73.843938,X,AREA OF MINIMAL FLOOD HAZARD,
POINT (-73.91619110111093 40.816466521782424),2,Bronx,201,17,84,32,15,1651,537,Senior Center,backed,03/27/2013,416 Westchester Avenue,416 Westchester Avenue,Westchester Avenue,E150th & E151st Street,Bronx,201,Not Applicable,Not Applicable,40.8164665218,-73.9161911011,X,AREA OF MINIMAL FLOOD HAZARD,6
POINT (-73.86244358853605 40.86310870900562),2,Bronx,211,13,80,34,14,3573,107,Municipal Facilities,backed 2,05/26/2017,830 Mace Avenue,830 Mace Avenue,Mace Avenue,Bronxwood Avenue & Matthews Avenue,Bronx,211,Not Applicable,Not Applicable,40.863117,-73.862445,X,AREA OF MINIMAL FLOOD HAZARD,
POINT (-73.8347783154577 40.837921907411136),2,Bronx,210,13,82,34,14,1400,550,General,backed,03/26/2013,3139 East Tremont Avenue,3139 East Tremont Avenue,East Tremont Avenue,Coddington Avenue & La Salle,Bronx,210,Not Applicable,Not Applicable,40.8379219074,-73.8347783155,X,AREA OF MINIMAL FLOOD HAZARD,
POINT (-73.9195165731082 40.80766372177643),2,Bronx,201,8,84,29,15,3821,221,Senior Safety,backed,08/01/2017,502 E 138th Street,502 E 138th Street,E 138th Street,Brook Avenue & Brown Place,Bronx,201,Not Applicable,Not Applicable,40.807672,-73.919518,X,AREA OF MINIMAL FLOOD HAZARD,5
POINT (-73.91236457545683 40.82114871901944),2,Bronx,201,17,79,32,15,931,424,General,backless,01/10/2013,3080 Third Avenue,3080 Third Avenue,3rd Avenue,157th and 158th Streets,Bronx,201,BX15,Not Applicable,40.821157,-73.912366,X,AREA OF MINIMAL FLOOD HAZARD,
POINT (-73.89872057728151 40.86222671103118),2,Bronx,205,14,86,33,15,1945,1047,BID,backed,05/07/2013,114 East Fordham Road,114 East Fordham Road,East Fordham Rd & 188th Street,E. Fordham Road & 188th Street,Bronx,205,Not Applicable,Fordham Road,40.862235,-73.898722,X,AREA OF MINIMAL FLOOD HAZARD,
POINT (-73.90440657269829 40.905802702707845),2,Bronx,208,11,81,34,16,2833,1958,General,backed,12/23/2014,5661 Riverdale Avenue,5661 Riverdale Avenue,Riverdale Avenue,West 258th Street & West 259th Street,Bronx,208,Not Applicable,Not Applicable,40.905811,-73.904408,X,AREA OF MINIMAL FLOOD HAZARD,
POINT (-73.92731057023514 40.82547171838267),2,Bronx,204,8,84,29,15,3431,6,Bus Route,backed 2,02/04/2017,799 River Avenue,799 River Avenue,River Avenue,E 153rd Street & E 157th Street,Bronx,204,BX13,Not Applicable,40.82548,-73.927312,X,AREA OF MINIMAL FLOOD HAZARD,5
POINT (-73.87824462805186 40.87262787287383),2,Bronx,207,11,80,36,13,2150,1055,General,backed,10/25/2013,322 East 204th Street,322 East 204th Street,East 204th Street,Hull Avenue & Perry Avenue,Bronx,207,Not Applicable,Not Applicable,40.8726278729,-73.8782446281,X,AREA OF MINIMAL FLOOD HAZARD,
POINT (-73.85536658961966 40.873839707068434),2,Bronx,212,12,83,36,16,3531,1795,Bus Route,backless,02/04/2017,1100 E Gun Hill Road,1100 E Gun Hill Road,E Gun Hill Road,Yates Avenue & Laconia Avenue,Bronx,212,BX28,Not Applicable,40.873848,-73.855368,X,AREA OF MINIMAL FLOOD HAZARD,
POINT (-73.90660557576805 40.831818716911684),2,Bronx,203,16,79,32,15,2691,1403,Municipal Facilities,backed,09/10/2014,1245 Washington Avenue,1245 Washington Avenue,Washington Avenue,East 168th Street & East 169th Street,Bronx,203,Not Applicable,Not Applicable,40.831827,-73.906607,X,AREA OF MINIMAL FLOOD HAZARD,
POINT (-73.85479859222623 40.837515713556634),2,Bronx,209,18,87,32,14,2710,2710,Municipal Facilities,backed,08/05/2014,2120 Saint Raymonds Avenue,1504 Olmstead Avenue,Olmstead Avenue,Saint Raymonds Avenue & Starling Avenue,Bronx,209,Not Applicable,Not Applicable,40.837524,-73.8548,X,AREA OF MINIMAL FLOOD HAZARD,6
POINT (-73.87537258324643 40.87254270751375),2,Bronx,207,11,80,36,13,3529,201,Municipal Facilities,backed 2,07/03/2017,3177 Webster Avenue,3177 Webster Avenue,Webster Avenue,E 205th street & E 204th street,Bronx,207,Not Applicable,Not Applicable,40.872551,-73.875374,X,AREA OF MINIMAL FLOOD HAZARD,
POINT (-73.87933958186356 40.87423470791366),2,Bronx,207,11,80,36,13,2341,1056,General,backed,02/24/2014,3125 Bainbridge Avenue,3125 Bainbridge Avenue,Bainbridge Avenue,E205th & E206th Street,Bronx,207,Not Applicable,Not Applicable,40.874243,-73.879341,X,AREA OF MINIMAL FLOOD HAZARD,
POINT (-73.91474657393604 40.83213571735526),2,Bronx,204,16,77,32,15,3217,1994,General,backed,09/18/2015,1150 Morris Avenue,270 E. 167th Street,East 167th Street and College,E. 167th Street and E. 166th Street,Bronx,204,BX32,Not Applicable,40.832144,-73.914748,X,AREA OF MINIMAL FLOOD HAZARD,
POINT (-73.85126559420961 40.8193247174913),2,Bronx,209,18,87,32,15,2869,784,Municipal Facilities,backless,12/19/2014,633 Olmstead Avenue,633 Olmstead Avenue,Olmstead Avenue,Seward Avenue & Randall Avenue,Bronx,209,BX36,Not Applicable,40.819333,-73.851267,X,AREA OF MINIMAL FLOOD HAZARD,4
POINT (-73.84025259471876 40.88433470435143),2,Bronx,212,12,83,36,16,3576,79,Municipal Facilities,backed 2,06/28/2017,3740 Baychester Avenue,3740 Baychester Avenue,Baychester Avenue,Crawford Avenue & Needham Avenue,Bronx,212,Not Applicable,Not Applicable,40.884343,-73.840254,X,AREA OF MINIMAL FLOOD HAZARD,
POINT (-73.82430160108264 40.86466770711481),2,Bronx,210,12,82,36,16,3593,6,Municipal Facilities,backed 2,05/26/2017,4140 Hutchinson River Pkwy E,4140 Hutchinson River Pkwy E,Einstein Loop S,Einstein Loop S & Boller Avenue,Bronx,210,Not Applicable,Not Applicable,40.864676,-73.824303,X,0.2 PCT ANNUAL CHANCE FLOOD HAZARD,4
POINT (-73.91783113369823 40.84878395870788),2,Bronx,205,14,77,29,15,1886,754,General,backed,07/02/2013,1683 Dr. Martin Luther King Jr. Blvd,1683 Dr. Martin Luther King Jr. Blvd,Dr. Martin Luther King Jr. Blvd,W 176th Street & Brandt Place,Bronx,205,BX03,Not Applicable,40.8487839587,-73.9178311337,X,AREA OF MINIMAL FLOOD HAZARD,
POINT (-73.91225657490546 40.82135471911796),2,Bronx,201,17,79,32,15,1569,368,General,backed,01/11/2013,3097 Third Avenue,,3rd Avenue,East 157th and 158th Street,Bronx,201,Not Applicable,Not Applicable,40.821363,-73.912258,X,AREA OF MINIMAL FLOOD HAZARD,
POINT (-73.8984885773909 40.846218713530746),2,Bronx,206,15,86,33,15,2590,1190,Municipal Facilities,backed,07/01/2014,1866 Washington Avenue,1866 Washington Avenue,Washington Avenue,E. 176th and E. Tremont Avenue,Bronx,206,Not Applicable,Not Applicable,40.846227,-73.89849,X,AREA OF MINIMAL FLOOD HAZARD,
POINT (-73.91794775959384 40.815773371338345),2,Bronx,201,17,84,32,15,3562,758,Plaza,backless,09/28/2018,530 Willis Avenue,530 Willis Avenue,Third Avenue,Willis Avenue & E. 148th Street,Bronx,999,Not Applicable,Not Applicable,40.8157733713,-73.9179477596,X,AREA OF MINIMAL FLOOD HAZARD,6
POINT (-73.88758558223394 40.83058071642958),2,Bronx,203,17,85,32,15,2886,1010,Municipal Facilities,backless,12/17/2014,1434 Longfellow Avenue,1018 Jennings Street,Jennings Street,Jennings Street and Freeman Street,Bronx,203,BX11,Not Applicable,40.830589,-73.887587,X,AREA OF MINIMAL FLOOD HAZARD,
POINT (-73.82445760249918 40.82879971412692),2,Bronx,210,13,82,34,14,3104,1848,General,backed,07/06/2015,3607 East Tremont Avenue,3607 East Tremont Avenue,East Tremont Avenue,Scott Place & Sullivan Place,Bronx,210,Not Applicable,Not Applicable,40.828808,-73.824459,X,AREA OF MINIMAL FLOOD HAZARD,
POINT (-73.88514210413153 40.87768518128276),2,Bronx,207,11,80,36,13,2309,1389,General,backless,01/08/2014,3224 Grand Concourse,3224 Grand Concourse,Grand Concourse,Van Cortlandt Avenue and the Mosholu Park,Bronx,207,BX1,Not Applicable,40.8776851813,-73.8851421041,X,AREA OF MINIMAL FLOOD HAZARD,
POINT (-73.88294258089357 40.88123770610747),2,Bronx,207,11,80,36,13,2320,70,General,backed,03/19/2014,3425 Jerome Avenue,3425 Jerome Avenue,Jerome Avenue,E. 208th Street and E. Gun Hill Road,Bronx,207,Not Applicable,Jerome-Gun Hill,40.881246,-73.882944,X,AREA OF MINIMAL FLOOD HAZARD,
POINT (-73.9046965774422 40.81737471959489),2,Bronx,201,17,84,29,15,3865,259,General,backed,08/23/2017,Abigail Playground,800 E 156th Street,Tinton Avenue,Tinton Avenue & Union Avenue,Bronx,201,Not Applicable,Not Applicable,40.817383,-73.904698,X,AREA OF MINIMAL FLOOD HAZARD,
POINT (-73.9019985740444 40.882858706345445),2,Bronx,208,11,81,33,13,3746,226,BID,backed,08/01/2017,5740 Broadway,5740 Broadway,Broadway,W 236th Street & W 234th Street,Bronx,208,Not Applicable,Kingsbridge,40.882867,-73.902,X,AREA OF MINIMAL FLOOD HAZARD,5
POINT (-73.87447152279718 40.82953194011236),2,Bronx,209,18,85,32,15,2462,1504,Plaza,backed,08/04/2014,1620 Westchester Avenue,1620 Westchester Avenue,Harrod Place,Harrod Place & Morrison Avenue,Bronx,209,Not Applicable,Not Applicable,40.8295319401,-73.8744715228,X,0.2 PCT ANNUAL CHANCE FLOOD HAZARD,5
POINT (-73.84307359533706 40.85992170919784),2,Bronx,211,13,80,34,14,2227,1376,Senior Center,backed,12/02/2013,2323 Eastchester Road,2323 Eastchester Road,Eastchester Road,Astor and Waring Avenues,Bronx,211,BX31,Not Applicable,40.85993,-73.843075,X,AREA OF MINIMAL FLOOD HAZARD,
POINT (-73.8302896004007 40.84319671204733),2,Bronx,210,13,82,34,14,3222,2325,General,backless,05/05/2016,1545 Crosby Avenue,1545 Crosby Avenue,Crosby Avenue,Middletown Road & Zulette Avenue,Bronx,210,BX08,Not Applicable,40.843205,-73.830291,X,AREA OF MINIMAL FLOOD HAZARD,
POINT (-73.89716666711392 40.86236111070519),2,Bronx,205,15,78,33,15,1194,262,BID,backed,10/22/2012,South side Overpass at East Fordham Rd and Grand Concourse,"40°51'44.5""N 73°53'49.8""W",East Fordham Road,Grand Concourse East and West,Bronx,205,Not Applicable,Fordham Road,40.8623611107,-73.8971666671,X,AREA OF MINIMAL FLOOD HAZARD,
POINT (-73.90895457626068 40.82365571806999),2,Bronx,203,17,79,32,15,3065,1821,Bus Route,backed,07/06/2015,3225 3rd Avenue,3225 3rd Avenue,3rd Avenue,E. 163rd Street and E. 162nd Street,Bronx,203,BX15,Not Applicable,40.823664,-73.908956,X,AREA OF MINIMAL FLOOD HAZARD,6
POINT (-73.88037758561381 40.80976572003025),2,Bronx,202,17,84,34,15,3736,67,Bus Route,backed 2,06/29/2017,410 Halleck Street,410 Halleck Street,Halleck Street,Food Center Drive & Oak Point Avenue,Bronx,202,BX6,Not Applicable,40.809774,-73.880379,X,0.2 PCT ANNUAL CHANCE FLOOD HAZARD,4
POINT (-73.92547299940311 40.81583612008528),2,Bronx,201,17,84,29,15,3387,2164,Municipal Facilities,backed,06/08/2016,229 E 144th Street,229 E 144th Street,E 144th Street,Morris Avenue & E 143rd Street,Bronx,201,Not Applicable,Not Applicable,40.8158361201,-73.9254729994,X,AREA OF MINIMAL FLOOD HAZARD,4
POINT (-73.90614157720766 40.825016718437624),2,Bronx,203,16,79,32,15,2730,1521,Municipal Facilities,backed,09/12/2014,968 Cauldwell Avenue,968 Cauldwell Avenue,Cauldwell Avenue,E. 163rd Street and E. 165th Street,Bronx,203,Not Applicable,Not Applicable,40.825025,-73.906143,X,AREA OF MINIMAL FLOOD HAZARD,
POINT (-73.92316251689046 40.80500666967576),2,Bronx,201,8,84,29,15,4111,0,General,backed 2,04/04/2019,100 bruckner blvd,100 bruckner blvd,Bruckner Boulevard,Westchester Avenue & Amendola Place,Bronx,201,BX29,Not Applicable,40.8050066697,-73.9231625169,X,AREA OF MINIMAL FLOOD HAZARD,6
POINT (-73.9027035772291 40.83098671672348),2,Bronx,203,16,79,32,15,2694,1402,Municipal Facilities,backed,09/12/2014,1260 Franklin Avenue,1260 Franklin Avenue,Franklin Avenue,East 168th Street & East 169th Street,Bronx,203,Not Applicable,Not Applicable,40.830995,-73.902705,X,AREA OF MINIMAL FLOOD HAZARD,
POINT (-73.90309757531128 40.85850271186967),2,Bronx,205,14,86,33,15,2095,782,Community Health Centers,backed,08/06/2013,25 East 183rd Street,25 East 183rd Street,East 183rd Street,Walton and Jerome Avenues,Bronx,205,Not Applicable,Not Applicable,40.858511,-73.903099,X,AREA OF MINIMAL FLOOD HAZARD,
POINT (-73.90148057872318 40.81973271905867),2,Bronx,202,17,79,32,15,2139,682,Community Health Centers,backed,09/11/2013,840 Westchester Avenue,840 Westchester Avenue,Longwood Avenue,Longwood Avenue and Hewitt Place,Bronx,202,Not Applicable,Not Applicable,40.819741,-73.901482,X,AREA OF MINIMAL FLOOD HAZARD,
POINT (-73.86955158823392 40.83544471467832),2,Bronx,209,18,87,33,15,4026,9998,Bus Route,backless,03/06/2018,1748 Cross Bronx Expy,1748 Cross Bronx Expy,Cross Bronx Expy,Commonwealth Avenue & Rosedale Avenue,Bronx,209,Q44,Not Applicable,40.835453,-73.869553,X,AREA OF MINIMAL FLOOD HAZARD,6
POINT (-73.88677658392815 40.81542371972117),2,Bronx,202,17,84,32,15,1783,1115,General,backed,11/14/2013,737 Hunts Point Avenue,737 Hunts Point Avenue,Hunts Point Avenue,Faile Street,Bronx,202,Not Applicable,Not Applicable,40.815432,-73.886778,X,AREA OF MINIMAL FLOOD HAZARD,
POINT (-73.85881258838513 40.89077070367184),2,Bronx,212,12,83,36,16,3575,106,Municipal Facilities,backed 2,06/28/2017,4102 White Plains Road,4102 White Plains Road,White Plains Road,E 229th street & E 230th street,Bronx,212,Not Applicable,Not Applicable,40.890779,-73.858814,X,AREA OF MINIMAL FLOOD HAZARD,
POINT (-73.89015558172747 40.834189715425936),2,Bronx,203,17,79,32,15,2433,977,Senior Center,backed,04/23/2014,910 E 172nd Street,910 E 172nd Street,E 172nd Street,Southern Boulevard and Minford Street,Bronx,203,Not Applicable,Not Applicable,40.834198,-73.890157,X,AREA OF MINIMAL FLOOD HAZARD,
POINT (-73.90229957453545 40.882419706686626),2,Bronx,208,11,81,33,13,3684,230,BID,backed,08/01/2017,5716 Broadway,5716 Broadway,Broadway,W 234th Street & W 236th Street,Bronx,208,Not Applicable,Kingsbridge,40.882428,-73.902301,X,AREA OF MINIMAL FLOOD HAZARD,5
POINT (-73.92031274198166 40.847075747489086),2,Bronx,205,14,77,29,15,1754,978,General,backed,02/04/2014,1605 University Avenue,1605 University Avenue,University Avenue,W174th Street & W175th Street,Bronx,205,Not Applicable,Not Applicable,40.8470757475,-73.920312742,X,AREA OF MINIMAL FLOOD HAZARD,
POINT (-73.91474657393604 40.83213571735526),2,Bronx,204,16,77,32,15,3217,1928,General,backed,09/18/2015,1150 Morris Avenue,270 E. 167th Street,East 167th Street and College,E. 167th Street and E. 166th Street,Bronx,204,BX32,Not Applicable,40.832144,-73.914748,X,AREA OF MINIMAL FLOOD HAZARD,
POINT (-73.91556757249217 40.8400877152241),2,Bronx,204,16,77,29,15,2656,1174,Municipal Facilities,backed,08/07/2014,1425 Walton Avenue,1425 Walton Avenue,Walton Avenue,E 170th Street and E 171st Street,Bronx,204,Not Applicable,Not Applicable,40.840096,-73.915569,X,AREA OF MINIMAL FLOOD HAZARD,
POINT (-73.92258257136235 40.817788720137884),2,Bronx,201,17,84,29,15,3816,233,Bus Route,backless,08/01/2017,555 Morris Avenue,555 Morris Avenue,Morris Avenue,E 149th Street & E 150th Street,Bronx,201,BX32,Not Applicable,40.817797,-73.922584,X,AREA OF MINIMAL FLOOD HAZARD,5
POINT (-73.8912635792517 40.861620710146255),2,Bronx,206,15,78,34,15,1205,934,BID,backed,10/24/2012,402 East Fordham Road,2520 Webster Avenue,Webster Avenue,East 189th Street and East Fordham Road,Bronx,206,Not Applicable,Fordham Road,40.861629,-73.891265,X,AREA OF MINIMAL FLOOD HAZARD,
POINT (-73.88272558347946 40.8446397136229),2,Bronx,206,17,87,32,15,2565,1183,Municipal Facilities,backed,07/01/2014,2085 Honeywell Avenue,2085 Honeywell Avenue,Honeywell Avenue,179th Street and 180th Street,Bronx,206,Not Applicable,Not Applicable,40.844648,-73.882727,X,AREA OF MINIMAL FLOOD HAZARD,
POINT (-73.87447152279718 40.82953194011236),2,Bronx,209,18,85,32,15,2462,1293,Plaza,backed,08/04/2014,1620 Westchester Avenue,1620 Westchester Avenue,Harrod Place,Harrod Place & Morrison Avenue,Bronx,209,Not Applicable,Not Applicable,40.8295319401,-73.8744715228,X,0.2 PCT ANNUAL CHANCE FLOOD HAZARD,5
POINT (-73.85955759220556 40.824104716450485),2,Bronx,209,18,85,34,15,2868,1214,Municipal Facilities,backless,12/19/2014,1903 Story Avenue,1903 Story Avenue,Story Avenue,Bolton Avenue & White Plains Road,Bronx,209,BX05,Not Applicable,40.824113,-73.859559,X,AREA OF MINIMAL FLOOD HAZARD,4
POINT (-73.88855958080477 40.84846371267078),2,Bronx,206,15,78,33,15,2896,1661,Municipal Facilities,backless,01/30/2015,2111 Crotona Avenue,2111 Crotona Avenue,Crotona Avenue,East 180th Streeet & East 181st Street,Bronx,206,BX17,Not Applicable,40.848472,-73.888561,X,AREA OF MINIMAL FLOOD HAZARD,
POINT (-73.877229583691 40.87152870780469),2,Bronx,207,11,80,36,13,2346,1167,General,backed,02/24/2014,374 East 204th Street,374 East 204th Street,East 204th Street,Decatur Avenue & Bronx River Parkway,Bronx,207,Not Applicable,Not Applicable,40.871537,-73.877231,X,AREA OF MINIMAL FLOOD HAZARD,
POINT (-73.84557659288191 40.87012470676929),2,Bronx,212,12,83,36,16,2523,1184,Municipal Facilities,backed,06/24/2014,1385 E Gun Hill Road,1385 E Gun Hill Road,E Gun Hill Road,Knapp Street and Seymour Avenue,Bronx,212,Not Applicable,Not Applicable,40.870133,-73.845578,X,AREA OF MINIMAL FLOOD HAZARD,
POINT (-73.85788259332237 40.81349471864098),2,Bronx,209,18,85,34,15,2906,1006,Municipal Facilities,backless,12/18/2014,403 Soundview Avenue,403 Soundview Avenue,Soundview Avenue,Underhill Avenue & Patterson Avenue,Bronx,209,BX27,Not Applicable,40.813503,-73.857884,X,AREA OF MINIMAL FLOOD HAZARD,5
POINT (-73.8580285923322 40.820954717212956),2,Bronx,209,18,87,32,15,2867,1388,Municipal Facilities,backless,12/19/2014,711 White Plains Road,711 White Plains Road,White Plains Road,Seward Avenue & Lafayette Avenue,Bronx,209,BX39,Not Applicable,40.820963,-73.85803,X,AREA OF MINIMAL FLOOD HAZARD,4
POINT (-73.89233692159803 40.83153443231613),2,Bronx,203,17,79,32,15,1535,299,General,backed,02/04/2013,1334 Louis Nine Boulevard,1334 Louis Nine Boulevard,Plaza,"Intervale Avenue, Louis Nine Blvd & Jennings Street",Bronx,203,Not Applicable,Not Applicable,40.8315344323,-73.8923369216,X,AREA OF MINIMAL FLOOD HAZARD,
POINT (-73.88736058375626 40.81600871919417),2,Bronx,202,17,84,32,15,1779,296,General,backed,02/04/2013,770 Hunts Point Avenue,770 Hunts Point Avenue,Hunts Point Avenue,Faile Street & Lafayette Avenue,Bronx,202,Not Applicable,Not Applicable,40.816017,-73.887362,X,AREA OF MINIMAL FLOOD HAZARD,
POINT (-73.84575759459828 40.84482971208525),2,Bronx,211,13,82,34,14,2453,997,Health Care Facilities,backed,05/02/2014,1615 Eastchester Road,1615 Eastchester Road,Eastchester Road,Williamsbridge Road and Jarret Place,Bronx,211,Not Applicable,Not Applicable,40.844838,-73.845759,X,AREA OF MINIMAL FLOOD HAZARD,
POINT (-73.81824560548002 40.82259571563794),2,Bronx,210,13,82,34,14,2713,2713,Municipal Facilities,backed,08/05/2014,2951 Dewey Avenue,2951 Dewey Avenue,Dewey Avenue,Edison Avenue & Logan Avenue,Bronx,210,Not Applicable,Not Applicable,40.822604,-73.818247,X,AREA OF MINIMAL FLOOD HAZARD,
POINT (-73.89229257704223 40.89585670424551),2,Bronx,226,11,81,34,16,3600,56,Bus Route,backed 2,03/11/2017,Van Cortland Park,5983 Broadway,Broadway,Manhattan College Parkway & W 242nd Street,Bronx,208,BX09,Not Applicable,40.895865,-73.892294,X,AREA OF MINIMAL FLOOD HAZARD,
POINT (-73.90894937870722 40.88111258167406),2,Bronx,208,11,81,34,16,4113,686,General,backless 2,05/21/2019,318 West 231st Street,318 West 231st Street,West 231st Street,Tibbett Avenue & Riverdale Avenue,Bronx,208,BX10,Not Applicable,40.8811125817,-73.9089493787,X,AREA OF MINIMAL FLOOD HAZARD,5
POINT (-73.91949157373007 40.80767272191247),2,Bronx,201,8,84,29,15,2871,1142,Municipal Facilities,backless,12/10/2014,501 East 138th Street,501 East 138th Street,East 138th Street,Brown Place & Brook Avenue,Bronx,201,BX33,Not Applicable,40.807681,-73.919493,X,AREA OF MINIMAL FLOOD HAZARD,6
POINT (-73.91474657393604 40.83213571735526),2,Bronx,204,16,77,32,15,3217,1643,General,backed,09/18/2015,1150 Morris Avenue,270 E. 167th Street,East 167th Street and College,E. 167th Street and E. 166th Street,Bronx,204,BX32,Not Applicable,40.832144,-73.914748,X,AREA OF MINIMAL FLOOD HAZARD,
POINT (-73.88506758237345 40.836511714866454),2,Bronx,203,17,85,32,15,2123,1061,General,backed,10/23/2013,1768 Bryant Avenue,1768 Bryant Avenue,Bryant Avenue,E 174th Street,Bronx,203,Not Applicable,Not Applicable,40.83652,-73.885069,X,AREA OF MINIMAL FLOOD HAZARD,
POINT (-73.86300959144508 40.818408718353474),2,Bronx,209,18,85,34,15,2533,1342,Municipal Facilities,backed,07/01/2014,660 Soundview Avenue,660 Soundview Avenue,Soundview Avenue,Taylor Avenue and Thieriot Avenue,Bronx,209,Not Applicable,Not Applicable,40.818417,-73.863011,X,AREA OF MINIMAL FLOOD HAZARD,5
POINT (-73.91435279986183 40.83284564314899),2,Bronx,204,16,77,33,15,2905,724,Municipal Facilities,backless,11/18/2014,1189 Morris Avenue,1189 Morris Avenue,Morris Avenue,East 167th Street & McClellan Street,Bronx,204,BX32,Not Applicable,40.8328456431,-73.9143527999,X,AREA OF MINIMAL FLOOD HAZARD,
POINT (-73.90345657558949 40.854863711981295),2,Bronx,205,14,86,33,15,2654,1188,Municipal Facilities,backed,07/30/2014,125 E. 181st Street,125 E. 181st Street,E. 181st Street,Morris Avenue and Creston Avenue,Bronx,205,Not Applicable,Not Applicable,40.854872,-73.903458,X,AREA OF MINIMAL FLOOD HAZARD,
POINT (-73.84707868334749 40.857426308229165),2,Bronx,211,13,80,34,14,3671,53,Bus Route,backed 2,03/11/2017,1400 Pelham Parkway South,1400 Pelham Parkway South,Pelham Parkaway,Eastchester Road & Wilson Avenue,Bronx,211,BX12,Not Applicable,40.8574263082,-73.8470786833,X,AREA OF MINIMAL FLOOD HAZARD,
POINT (-73.90984857150757 40.886023706595545),2,Bronx,208,11,81,34,16,4001,9997,General,backed,03/06/2018,3532 Johnson Avenue,3532 Johnson Avenue,Johnson Avenue,West 235th Street & West 236th Street,Bronx,208,Not Applicable,Not Applicable,40.886032,-73.90985,X,AREA OF MINIMAL FLOOD HAZARD,
