OBJECTID,Borough,Type,Provider,Name,Location,Latitude,Longitude,X,Y,Location_T,Remarks,City,SSID,SourceID,Activated,BoroCode,Borough Name,Neighborhood Tabulation Area Code (NTACODE),Neighborhood Tabulation Area (NTA),Council Distrcit,Postcode,BoroCD,Census Tract,BCTCB2010,BIN,BBL,DOITT_ID,"Location (Lat, Long)"
10191,4,Free,LinkNYC - Citybridge,qu-01-145954,43-40 NORTHERN BOULEVARD,40.7536406401,-73.9184016594,1006857.44756,213858.819051,Outdoor Kiosk,"Tablet Internet -phone , Free 1 GB Wi-FI Service",Queens,LinkNYC Free Wi-Fi,LINK-020932,11/07/2017,4,Queens,QN31,Hunters Point-Sunnyside-West Maspeth,26,11101,401,171,171,4441943,4001430500,4639,"(40.7536406401, -73.9184016594)"
11144,4,Free,LinkNYC - Citybridge,qu-04-145898,84-43 CORONA AVENUE,40.73933161,-73.8781299298,1018022.28677,208658.544347,Outdoor Kiosk,"Tablet Internet -phone , Free 1 GB Wi-FI Service",Queens,LinkNYC Free Wi-Fi,LINK-019897,09/07/2017,4,Queens,QN50,Elmhurst-Maspeth,25,11373,404,485,485,4038727,4015460040,4587,"(40.73933161, -73.8781299298)"
11053,4,Free,LinkNYC - Citybridge,qu-01-125116,42-02 30 AVENUE,40.7629999999,-73.9132590006,1008278.88369,217270.106848,Outdoor Kiosk,"Tablet Internet -phone , Free 1 GB Wi-FI Service",Queens,LinkNYC Free Wi-Fi,LINK-013082,07/10/2017,4,Queens,QN70,Astoria,22,11103,401,149,149,4011927,4006960040,4250,"(40.7629999999, -73.9132590006)"
12313,4,Free,LinkNYC - Citybridge,qu-02-124955,38-02 QUEENS BLVD,40.74387741,-73.9269261104,1004498.65076,210299.676563,Outdoor Kiosk,"Tablet Internet -phone , Free 1 GB Wi-FI Service",Queens,LinkNYC Free Wi-Fi,LINK-001160,02/21/2017,4,Queens,QN31,Hunters Point-Sunnyside-West Maspeth,26,11101,402,179,179,4003169,4002230020,3496,"(40.74387741, -73.9269261104)"
12915,4,Free,LinkNYC - Citybridge,qu-06-124181,110-88 QUEENS BOULEVARD,40.7186019996,-73.8381840006,1029105.9293,201124.039403,Outdoor Kiosk,"Tablet Internet -phone , Free 1 GB Wi-FI Service",Queens,LinkNYC Free Wi-Fi,LINK-006861,07/29/2016,4,Queens,QN17,Forest Hills,29,11375,406,769,769,4078802,4032930040,3769,"(40.7186019996, -73.8381840006)"
12297,4,Free,LinkNYC - Citybridge,qu-09-128371,80-55 KEW GARDENS ROAD,40.7131669699,-73.8298089703,1031431.35969,199148.295651,Outdoor Kiosk,"Tablet Internet -phone , Free 1 GB Wi-FI Service",Queens,LinkNYC Free Wi-Fi,LINK-001122,07/29/2016,4,Queens,QN60,Kew Gardens,29,11415,409,216,216,4080149,4033580000,3480,"(40.7131669699, -73.8298089703)"
10192,4,Free,LinkNYC - Citybridge,qu-01-145921,35-12 35 AVENUE,40.7565208602,-73.9252146106,1004968.97167,214906.491497,Outdoor Kiosk,"Tablet Internet -phone , Free 1 GB Wi-FI Service",Queens,LinkNYC Free Wi-Fi,LINK-020933,10/09/2017,4,Queens,QN70,Astoria,26,11106,401,57,57,4009594,4006390020,4640,"(40.7565208602, -73.9252146106)"
12814,4,Free,LinkNYC - Citybridge,qu-12-141550,166-01 JAMAICA AVENUE,40.7059714299,-73.7937866001,1041423.84791,196548.206035,Outdoor Kiosk,"Tablet Internet -phone , Free 1 GB Wi-FI Service",Queens,LinkNYC Free Wi-Fi,LINK-000793,09/23/2016,4,Queens,QN61,Jamaica,27,11432,412,460,460,4209622,4097960020,3318,"(40.7059714299, -73.7937866001)"
10240,4,Free,LinkNYC - Citybridge,qu-02-146059,47-43 VERNON BOULEVARD,40.7443204903,-73.9534837102,997139.500128,210456.081434,Outdoor Kiosk,"Tablet Internet -phone , Free 1 GB Wi-FI Service",Queens,LinkNYC Free Wi-Fi,LINK-020994,04/24/2018,4,Queens,QN31,Hunters Point-Sunnyside-West Maspeth,26,11101,402,7,7,4000266,4000450000,4645,"(40.7443204903, -73.9534837102)"
12308,4,Free,LinkNYC - Citybridge,qu-02-124939,59-40 QUEENS BOULEVARD,40.7412880001,-73.9046559997,1010670.68534,209362.205013,Outdoor Kiosk,"Tablet Internet -phone , Free 1 GB Wi-FI Service",Queens,LinkNYC Free Wi-Fi,LINK-001149,01/05/2017,4,Queens,QN63,Woodside,26,11377,402,245,245,4432196,4023140000,3491,"(40.7412880001, -73.9046559997)"
10273,4,Free,LinkNYC - Citybridge,qu-01-145934,33-20 30 AVENUE,40.765785254,-73.9191729969,1006639.65993,218283.299376,Outdoor Kiosk,"Tablet Internet -phone , Free 1 GB Wi-FI Service",Queens,LinkNYC Free Wi-Fi,LINK-021329,10/09/2017,4,Queens,QN70,Astoria,22,11103,401,63,63,4009036,4006250050,4678,"(40.765785254, -73.9191729969)"
11903,4,Free,LinkNYC - Citybridge,qu-01-125042,36-35 33 STREET,40.7541882302,-73.9293986402,1003810.48941,214055.676925,Outdoor Kiosk,"Tablet Internet -phone , Free 1 GB Wi-FI Service",Queens,LinkNYC Free Wi-Fi,LINK-011536,03/14/2018,4,Queens,QN68,Queensbridge-Ravenswood-Long Island City,26,11106,401,55,55,4007954,4006020010,4067,"(40.7541882302, -73.9293986402)"
11188,4,Free,LinkNYC - Citybridge,qu-01-125148,30-01 STEINWAY STREET,40.7636860602,-73.9150512395,1007782.15765,217519.574525,Outdoor Kiosk,"Tablet Internet -phone , Free 1 GB Wi-FI Service",Queens,LinkNYC Free Wi-Fi,LINK-013594,06/29/2017,4,Queens,QN70,Astoria,22,11103,401,149,149,4011253,4006800050,4313,"(40.7636860602, -73.9150512395)"
11732,4,Free,LinkNYC - Citybridge,qu-01-133970,30-01 30 AVENUE,40.7673067797,-73.92211147,1005825.18912,218836.903911,Outdoor Kiosk,"Tablet Internet -phone , Free 1 GB Wi-FI Service",Queens,LinkNYC Free Wi-Fi,LINK-010981,01/10/2018,4,Queens,QN71,Old Astoria,22,11102,401,71,71,4007687,4005950010,3968,"(40.7673067797, -73.92211147)"
12001,4,Free,LinkNYC - Citybridge,qu-01-125095,25-14 BROADWAY,40.7630995,-73.9279352805,1004213.25009,217302.672728,Outdoor Kiosk,"Tablet Internet -phone , Free 1 GB Wi-FI Service",Queens,LinkNYC Free Wi-Fi,LINK-011770,06/14/2017,4,Queens,QN70,Astoria,22,11106,401,53,53,4007157,4005800020,4088,"(40.7630995, -73.9279352805)"
12296,4,Free,LinkNYC - Citybridge,qu-09-108790,124-05 JAMAICA AVENUE,40.7009264299,-73.8262048802,1032439.35341,194690.669396,Outdoor Kiosk,"Tablet Internet -phone , Free 1 GB Wi-FI Service",Queens,LinkNYC Free Wi-Fi,LINK-001116,06/06/2017,4,Queens,QN54,Richmond Hill,29,11418,409,142,142,4193857,4092780080,3479,"(40.7009264299, -73.8262048802)"
11956,4,Free,LinkNYC - Citybridge,qu-04-145772,89-30 QUEENS BOULEVARD,40.7341620004,-73.8736580003,1019264.25083,206776.850276,Outdoor Kiosk,"Tablet Internet -phone , Free 1 GB Wi-FI Service",Queens,LinkNYC Free Wi-Fi,LINK-018140,04/10/2017,4,Queens,QN29,Elmhurst,25,11373,404,475,475,4064868,4028570020,4504,"(40.7341620004, -73.8736580003)"
11183,4,Free,LinkNYC - Citybridge,qu-01-125170,21-01 BROADWAY,40.7651601902,-73.93142777,1003245.17886,218052.673196,Outdoor Kiosk,"Tablet Internet -phone , Free 1 GB Wi-FI Service",Queens,LinkNYC Free Wi-Fi,LINK-013527,05/17/2017,4,Queens,QN70,Astoria,22,11106,401,77,77,4006385,4005540020,4308,"(40.7651601902, -73.93142777)"
11837,4,Free,LinkNYC - Citybridge,qu-03-146071,79-20 37 AVENUE,40.7494585504,-73.8864554498,1015710.36128,212345.008759,Outdoor Kiosk,"Tablet Internet -phone , Free 1 GB Wi-FI Service",Queens,LinkNYC Free Wi-Fi,LINK-022685,04/12/2018,4,Queens,QN28,Jackson Heights,25,11372,403,285,285,4449493,4012900000,4457,"(40.7494585504, -73.8864554498)"
10177,4,Free,LinkNYC - Citybridge,qu-01-145923,38-02 31 St,40.7537182203,-73.9322156401,1003030.15698,213883.820642,Outdoor Kiosk,"Tablet Internet -phone , Free 1 GB Wi-FI Service",Queens,LinkNYC Free Wi-Fi,LINK-020833,02/12/2018,4,Queens,QN68,Queensbridge-Ravenswood-Long Island City,26,11101,401,31,31,4004609,4003830010,4633,"(40.7537182203, -73.9322156401)"
11854,4,Free,LinkNYC - Citybridge,qu-03-134080,77-01 ROOSEVELT AVENUE,40.7472234296,-73.888492,1015147.12094,211529.958223,Outdoor Kiosk,"Tablet Internet -phone , Free 1 GB Wi-FI Service",Queens,LinkNYC Free Wi-Fi,LINK-011172,08/25/2017,4,Queens,QN28,Jackson Heights,25,11372,403,287,287,4029906,4012880050,4018,"(40.7472234296, -73.888492)"
11140,4,Free,LinkNYC - Citybridge,qu-01-145922,33-09 BROADWAY,40.7610889998,-73.9233410004,1005486.59072,216571.262117,Outdoor Kiosk,"Tablet Internet -phone , Free 1 GB Wi-FI Service",Queens,LinkNYC Free Wi-Fi,LINK-019889,10/13/2017,4,Queens,QN70,Astoria,22,11106,401,61,61,4008873,4006230010,4583,"(40.7610889998, -73.9233410004)"
11968,4,Free,LinkNYC - Citybridge,qu-02-145743,45-01 42 STREET,40.7433122897,-73.9224012404,1005752.66663,210094.863653,Outdoor Kiosk,"Tablet Internet -phone , Free 1 GB Wi-FI Service",Queens,LinkNYC Free Wi-Fi,LINK-018161,03/20/2017,4,Queens,QN31,Hunters Point-Sunnyside-West Maspeth,26,11104,402,181,181,4540182,4001690020,4516,"(40.7433122897, -73.9224012404)"
11983,4,Free,LinkNYC - Citybridge,qu-02-145783,10-31 JACKSON AVENUE,40.7422871697,-73.9533364696,997180.694599,209715.299779,Outdoor Kiosk,"Tablet Internet -phone , Free 1 GB Wi-FI Service",Queens,LinkNYC Free Wi-Fi,LINK-018209,03/22/2017,4,Queens,QN31,Hunters Point-Sunnyside-West Maspeth,26,11101,402,7,7,4000229,4000410020,4531,"(40.7422871697, -73.9533364696)"
12303,4,Free,LinkNYC - Citybridge,qu-06-124200,98-04 QUEENS BOULEVARD,40.7282989999,-73.8580760006,1023586.08241,204647.39128,Outdoor Kiosk,"Tablet Internet -phone , Free 1 GB Wi-FI Service",Queens,LinkNYC Free Wi-Fi,LINK-001134,11/30/2016,4,Queens,QN17,Forest Hills,29,11374,406,713,713,4072158,4030860010,3486,"(40.7282989999, -73.8580760006)"
9791,4,Free,LinkNYC - Citybridge,qu-03-125399,85-10 NORTHERN BOULEVARD,40.7558349998,-73.881778,1017003.22976,214669.867954,Outdoor Kiosk,"Tablet Internet -phone , Free 1 GB Wi-FI Service",Queens,LinkNYC Free Wi-Fi,LINK-001473,06/28/2018,4,Queens,QN28,Jackson Heights,25,11372,403,281,281,4035201,4014330000,4908,"(40.7558349998, -73.881778)"
11969,4,Free,LinkNYC - Citybridge,qu-02-145779,40-02 QUEENS BOULEVARD,40.7435549998,-73.9241560003,1005266.34509,210182.864789,Outdoor Kiosk,"Tablet Internet -phone , Free 1 GB Wi-FI Service",Queens,LinkNYC Free Wi-Fi,LINK-018166,04/18/2017,4,Queens,QN31,Hunters Point-Sunnyside-West Maspeth,26,11104,402,181,181,4002571,4001930030,4517,"(40.7435549998, -73.9241560003)"
10244,4,Free,LinkNYC - Citybridge,qu-02-146061,10-50 44 DRIVE,40.7484970002,-73.9498550004,998144.131649,211978.272287,Outdoor Kiosk,"Tablet Internet -phone , Free 1 GB Wi-FI Service",Queens,LinkNYC Free Wi-Fi,LINK-021069,05/31/2018,4,Queens,QN31,Hunters Point-Sunnyside-West Maspeth,26,11101,402,7,7,4000429,4000510020,4649,"(40.7484970002, -73.9498550004)"
11150,4,Free,LinkNYC - Citybridge,qu-04-145915,75-10 BROADWAY,40.7460455796,-73.8901212898,1014696.20878,211100.259608,Outdoor Kiosk,"Tablet Internet -phone , Free 1 GB Wi-FI Service",Queens,LinkNYC Free Wi-Fi,LINK-019904,09/05/2017,4,Queens,QN29,Elmhurst,25,11373,404,267,267,4036729,4014860010,4593,"(40.7460455796, -73.8901212898)"
11031,4,Free,LinkNYC - Citybridge,qu-03-139617,37-65 95 STREET,40.7490896695,-73.8718174082,1019766.39123,212216.209804,Outdoor Kiosk,"Tablet Internet -phone , Free 1 GB Wi-FI Service",Queens,LinkNYC Free Wi-Fi,LINK-012822,02/21/2018,4,Queens,QN28,Jackson Heights,21,11372,403,273,273,4036632,4014830060,4228,"(40.7490896695, -73.8718174082)"
11912,4,Free,LinkNYC - Citybridge,qu-01-125105,45-02 30 AVENUE,40.76191296,-73.9109386203,1008922.07499,216874.707705,Outdoor Kiosk,"Tablet Internet -phone , Free 1 GB Wi-FI Service",Queens,LinkNYC Free Wi-Fi,LINK-011599,06/26/2017,4,Queens,QN70,Astoria,22,11103,401,151,151,4012674,4007140080,4072,"(40.76191296, -73.9109386203)"
11237,4,Free,LinkNYC - Citybridge,qu-01-142874,36-01 BROADWAY,40.7600949999,-73.9212160003,1006075.59807,216209.63784,Outdoor Kiosk,"Tablet Internet -phone , Free 1 GB Wi-FI Service",Queens,LinkNYC Free Wi-Fi,LINK-010337,08/02/2017,4,Queens,QN70,Astoria,22,11106,401,61,61,4009836,4006490010,3867,"(40.7600949999, -73.9212160003)"
11193,4,Free,LinkNYC - Citybridge,qu-02-124993,45-06 GREENPOINT AVENUE,40.7418457098,-73.9196896404,1006504.54242,209561.219379,Outdoor Kiosk,"Tablet Internet -phone , Free 1 GB Wi-FI Service",Queens,LinkNYC Free Wi-Fi,LINK-013616,03/09/2017,4,Queens,QN31,Hunters Point-Sunnyside-West Maspeth,26,11104,402,183,183,4001962,4001650010,4318,"(40.7418457098, -73.9196896404)"
12292,4,Free,LinkNYC - Citybridge,qu-09-127841,118-18 JAMAICA AVE,40.6998949497,-73.8310976698,1031083.42273,194312.217397,Outdoor Kiosk,"Tablet Internet -phone , Free 1 GB Wi-FI Service",Queens,LinkNYC Free Wi-Fi,LINK-001112,06/26/2017,4,Queens,QN54,Richmond Hill,29,11418,409,122,122,4195916,4093280010,3475,"(40.6998949497, -73.8310976698)"
12160,4,Free,LinkNYC - Citybridge,qu-01-137830,37-08 35 AVENUE,40.7557765502,-73.9236268395,1005409.09317,214635.694794,Outdoor Kiosk,"Tablet Internet -phone , Free 1 GB Wi-FI Service",Queens,LinkNYC Free Wi-Fi,LINK-012586,10/09/2017,4,Queens,QN70,Astoria,26,11101,401,57,57,4009607,4006410010,4175,"(40.7557765502, -73.9236268395)"
12586,4,Free,LinkNYC - Citybridge,qu-09-124172,80-02 KEW GARDENS ROAD,40.7139829999,-73.8308380002,1031145.51217,199445.047026,Outdoor Kiosk,"Tablet Internet -phone , Free 1 GB Wi-FI Service",Queens,LinkNYC Free Wi-Fi,LINK-001824,11/30/2016,4,Queens,QN60,Kew Gardens,29,11415,409,773,773,4312089,4033480040,3599,"(40.7139829999, -73.8308380002)"
11979,4,Free,LinkNYC - Citybridge,qu-02-145746,22-25 JACKSON AVENUE,40.7454177202,-73.9469370802,998953.305883,210856.868362,Outdoor Kiosk,"Tablet Internet -phone , Free 1 GB Wi-FI Service",Queens,LinkNYC Free Wi-Fi,LINK-018201,03/29/2017,4,Queens,QN31,Hunters Point-Sunnyside-West Maspeth,26,11101,402,7,7,4000561,4000760020,4527,"(40.7454177202, -73.9469370802)"
11964,4,Free,LinkNYC - Citybridge,qu-02-145778,63-14 QUEENS BOULEVARD,40.7409619997,-73.9018859995,1011438.41018,209244.28038,Outdoor Kiosk,"Tablet Internet -phone , Free 1 GB Wi-FI Service",Queens,LinkNYC Free Wi-Fi,LINK-018149,03/28/2017,4,Queens,QN63,Woodside,26,11377,402,245,245,4053628,4023247500,4512,"(40.7409619997, -73.9018859995)"
12316,4,Free,LinkNYC - Citybridge,qu-02-102099,34-02 QUEENS BOULEVARD,40.7442780003,-73.930399,1003536.20321,210444.840643,Outdoor Kiosk,"Tablet Internet -phone , Free 1 GB Wi-FI Service",Queens,LinkNYC Free Wi-Fi,LINK-001195,02/02/2017,4,Queens,QN31,Hunters Point-Sunnyside-West Maspeth,26,11101,402,179,179,4003435,4002460000,3499,"(40.7442780003, -73.930399)"
12322,4,Free,LinkNYC - Citybridge,qu-01-140214,50-01 NORTHERN BOULEVARD,40.7533698704,-73.91232033,1008542.42483,213761.796936,Outdoor Kiosk,"Tablet Internet -phone , Free 1 GB Wi-FI Service",Queens,LinkNYC Free Wi-Fi,LINK-001357,10/18/2017,4,Queens,QN70,Astoria,26,11103,401,163,163,4014093,4007480010,3505,"(40.7533698704, -73.91232033)"
10908,4,Free,LinkNYC - Citybridge,qu-01-142852,35-01 BROADWAY,40.7604726697,-73.9220190799,1005852.99779,216347.036188,Outdoor Kiosk,"Tablet Internet -phone , Free 1 GB Wi-FI Service",Queens,LinkNYC Free Wi-Fi,LINK-010336,05/23/2017,4,Queens,QN70,Astoria,22,11106,401,61,61,4009768,4006480010,3866,"(40.7604726697, -73.9220190799)"
10309,4,Free,LinkNYC - Citybridge,qu-01-146035,32-50 50 STREET,40.7544875499,-73.9116865998,1008717.59475,214169.179979,Outdoor Kiosk,"Tablet Internet -phone , Free 1 GB Wi-FI Service",Queens,LinkNYC Free Wi-Fi,LINK-021538,02/28/2018,4,Queens,QN70,Astoria,26,11103,401,163,163,4013650,4007350000,4714,"(40.7544875499, -73.9116865998)"
12305,4,Free,LinkNYC - Citybridge,qu-04-142877,88-02 QUEENS BOULEVARD,40.7349230004,-73.8754599998,1018764.45327,207053.391061,Outdoor Kiosk,"Tablet Internet -phone , Free 1 GB Wi-FI Service",Queens,LinkNYC Free Wi-Fi,LINK-001141,11/08/2017,4,Queens,QN29,Elmhurst,25,11373,404,475,475,4064725,4028540010,3488,"(40.7349230004, -73.8754599998)"
11137,4,Free,LinkNYC - Citybridge,qu-01-145946,30-25 Northern Blvd,40.7514981299,-73.9341573899,1002492.78896,213074.559793,Outdoor Kiosk,"Tablet Internet -phone , Free 1 GB Wi-FI Service",Queens,LinkNYC Free Wi-Fi,LINK-019782,01/09/2018,4,Queens,QN68,Queensbridge-Ravenswood-Long Island City,26,11101,401,31,31,4000000,4004020000,4580,"(40.7514981299, -73.9341573899)"
11916,4,Free,LinkNYC - Citybridge,qu-06-145766,98-38 QUEENS BOULEVARD,40.7278500002,-73.8568480001,1023926.70574,204484.360766,Outdoor Kiosk,"Tablet Internet -phone , Free 1 GB Wi-FI Service",Queens,LinkNYC Free Wi-Fi,LINK-018045,04/10/2017,4,Queens,QN17,Forest Hills,29,11374,406,713,713,4072159,4030860010,4464,"(40.7278500002, -73.8568480001)"
12821,4,Free,LinkNYC - Citybridge,qu-12-141541,163-02 JAMAICA AVENUE,40.7046091101,-73.7968005602,1040589.36303,196049.920614,Outdoor Kiosk,"Tablet Internet -phone , Free 1 GB Wi-FI Service",Queens,LinkNYC Free Wi-Fi,LINK-000804,09/23/2016,4,Queens,QN61,Jamaica,27,11433,412,446,446,4216196,4101510000,3325,"(40.7046091101, -73.7968005602)"
12809,4,Free,LinkNYC - Citybridge,qu-12-141547,90-50 Parsons Boulevard,40.7034524852,-73.8003521769,1039605.59892,195626.264309,Outdoor Kiosk,"Tablet Internet -phone , Free 1 GB Wi-FI Service",Queens,LinkNYC Free Wi-Fi,LINK-000783,02/03/2017,4,Queens,QN61,Jamaica,24,11432,412,240,240,4208820,4097540030,3313,"(40.7034524852, -73.8003521769)"
12011,4,Free,LinkNYC - Citybridge,qu-09-124792,101-21 JAMAICA AVENUE,40.6952050001,-73.8455950001,1027066.60333,192596.114201,Outdoor Kiosk,"Tablet Internet -phone , Free 1 GB Wi-FI Service",Queens,LinkNYC Free Wi-Fi,LINK-011905,07/07/2017,4,Queens,QN54,Richmond Hill,32,11418,409,24,24,4191441,4091810040,4098,"(40.6952050001, -73.8455950001)"
10316,4,Free,LinkNYC - Citybridge,qu-03-146005,93-01 ROOSEVELT AVENUE,40.7487979504,-73.87355043,1019286.36528,212109.229375,Outdoor Kiosk,"Tablet Internet -phone , Free 1 GB Wi-FI Service",Queens,LinkNYC Free Wi-Fi,LINK-021803,02/08/2018,4,Queens,QN28,Jackson Heights,21,11372,403,273,273,4036514,4014810050,4721,"(40.7487979504, -73.87355043)"
9771,4,Free,LinkNYC - Citybridge,qu-02-138662,62-10 NORTHERN BOULEVARD,40.7539103902,-73.9000940603,1011929.59456,213962.352637,Outdoor Kiosk,"Tablet Internet -phone , Free 1 GB Wi-FI Service",Queens,LinkNYC Free Wi-Fi,LINK-001359,07/27/2018,4,Queens,QN63,Woodside,26,11377,402,293,293,4027108,4011850000,4888,"(40.7539103902, -73.9000940603)"
10277,4,Free,LinkNYC - Citybridge,qu-09-145984,91-03 JAMAICA AVENUE,40.6931659997,-73.8536780001,1024826.4254,191849.399816,Outdoor Kiosk,"Tablet Internet -phone , Free 1 GB Wi-FI Service",Queens,LinkNYC Free Wi-Fi,LINK-021385,03/29/2018,4,Queens,QN53,Woodhaven,32,11421,409,14,14,4585192,4088700070,4682,"(40.6931659997, -73.8536780001)"
10284,4,Free,LinkNYC - Citybridge,qu-09-145888,110-02 JAMAICA AVENUE,40.6963312717,-73.8378420458,1029215.74044,193010.332205,Outdoor Kiosk,"Tablet Internet -phone , Free 1 GB Wi-FI Service",Queens,LinkNYC Free Wi-Fi,LINK-021396,08/09/2017,4,Queens,QN54,Richmond Hill,28,11418,409,126,126,4194813,4093000080,4689,"(40.6963312717, -73.8378420458)"
11799,4,Free,LinkNYC - Citybridge,qu-04-128504,80-20 ROOSEVELT AVENUE,40.7474512003,-73.8849874295,1016118.07306,211614.197884,Outdoor Kiosk,"Tablet Internet -phone , Free 1 GB Wi-FI Service",Queens,LinkNYC Free Wi-Fi,LINK-014352,09/07/2017,4,Queens,QN29,Elmhurst,25,11373,404,269,269,4036845,4014910010,4419,"(40.7474512003, -73.8849874295)"
11192,4,Free,LinkNYC - Citybridge,qu-09-124793,102-61 JAMAICA AVENUE,40.6952479996,-73.8431100002,1027755.66659,192613.004588,Outdoor Kiosk,"Tablet Internet -phone , Free 1 GB Wi-FI Service",Queens,LinkNYC Free Wi-Fi,LINK-013612,07/07/2017,4,Queens,QN54,Richmond Hill,32,11418,409,26,26,4191664,4091870030,4317,"(40.6952479996, -73.8431100002)"
12920,4,Free,LinkNYC - Citybridge,qu-06-145790,113-14 QUEENS BLVD,40.7172123501,-73.8354962198,1029851.94094,200619.136213,Outdoor Kiosk,"Tablet Internet -phone , Free 1 GB Wi-FI Service",Queens,LinkNYC Free Wi-Fi,LINK-006882,03/28/2017,4,Queens,QN17,Forest Hills,29,11375,406,769,769,4079813,4033400020,3774,"(40.7172123501, -73.8354962198)"
11196,4,Free,LinkNYC - Citybridge,qu-01-125145,31-90 STEINWAY STREET,40.7591689999,-73.9189498694,1006703.69819,215872.838645,Outdoor Kiosk,"Tablet Internet -phone , Free 1 GB Wi-FI Service",Queens,LinkNYC Free Wi-Fi,LINK-013629,05/18/2017,4,Queens,QN70,Astoria,22,11103,401,155,155,4010496,4006580000,4321,"(40.7591689999, -73.9189498694)"
10241,4,Free,LinkNYC - Citybridge,qu-01-146036,41-19 31 AVENUE,40.7606860001,-73.9155699997,1007639.50636,216426.415622,Outdoor Kiosk,"Tablet Internet -phone , Free 1 GB Wi-FI Service",Queens,LinkNYC Free Wi-Fi,LINK-021018,02/26/2018,4,Queens,QN70,Astoria,22,11103,401,149,149,4011285,4006820000,4646,"(40.7606860001, -73.9155699997)"
12817,4,Free,LinkNYC - Citybridge,qu-12-138097,160-05 JAMAICA AVENUE,40.7038952802,-73.7990175101,1039975.28618,195788.433604,Outdoor Kiosk,"Tablet Internet -phone , Free 1 GB Wi-FI Service",Queens,LinkNYC Free Wi-Fi,LINK-000798,09/23/2016,4,Queens,QN61,Jamaica,24,11432,412,446,446,4208857,4097570050,3321,"(40.7038952802, -73.7990175101)"
12298,4,Free,LinkNYC - Citybridge,qu-06-124182,112-28 QUEENS BOULEVARD,40.7176640001,-73.8362619997,1029639.35245,200783.288116,Outdoor Kiosk,"Tablet Internet -phone , Free 1 GB Wi-FI Service",Queens,LinkNYC Free Wi-Fi,LINK-001123,07/29/2016,4,Queens,QN17,Forest Hills,29,11375,406,769,769,4449594,4033397500,3481,"(40.7176640001, -73.8362619997)"
12291,4,Free,LinkNYC - Citybridge,qu-09-135034,118-04 JAMAICA AVE,40.6997544704,-73.8316089898,1030941.74191,194260.763759,Outdoor Kiosk,"Tablet Internet -phone , Free 1 GB Wi-FI Service",Queens,LinkNYC Free Wi-Fi,LINK-001111,09/25/2017,4,Queens,QN54,Richmond Hill,29,11418,409,122,122,4195911,4093280000,3474,"(40.6997544704, -73.8316089898)"
10193,4,Free,LinkNYC - Citybridge,qu-01-146040,32-01 31 AVENUE,40.7639310004,-73.9224780003,1005724.74838,217606.906371,Outdoor Kiosk,"Tablet Internet -phone , Free 1 GB Wi-FI Service",Queens,LinkNYC Free Wi-Fi,LINK-020959,05/31/2018,4,Queens,QN70,Astoria,22,11102,401,63,63,4008587,4006160080,4641,"(40.7639310004, -73.9224780003)"
11145,4,Free,LinkNYC - Citybridge,qu-04-145913,83-23 BROADWAY,40.7407371396,-73.8793601805,1017680.65819,209170.150935,Outdoor Kiosk,"Tablet Internet -phone , Free 1 GB Wi-FI Service",Queens,LinkNYC Free Wi-Fi,LINK-019899,09/07/2017,4,Queens,QN29,Elmhurst,25,11373,404,471,471,4314501,4015800110,4588,"(40.7407371396, -73.8793601805)"
11896,4,Free,LinkNYC - Citybridge,qu-01-125131,31-02 30 AVENUE,40.7667662903,-73.9212759595,1006056.80316,218640.192691,Outdoor Kiosk,"Tablet Internet -phone , Free 1 GB Wi-FI Service",Queens,LinkNYC Free Wi-Fi,LINK-011469,06/26/2017,4,Queens,QN70,Astoria,22,11102,401,63,63,4008486,4006150040,4060,"(40.7667662903, -73.9212759595)"
11982,4,Free,LinkNYC - Citybridge,qu-02-145782,10-51 JACKSON AVENUE,40.7426309099,-73.9526776598,997363.18636,209840.63319,Outdoor Kiosk,"Tablet Internet -phone , Free 1 GB Wi-FI Service",Queens,LinkNYC Free Wi-Fi,LINK-018207,03/22/2017,4,Queens,QN31,Hunters Point-Sunnyside-West Maspeth,26,11101,402,7,7,4000243,4000420030,4530,"(40.7426309099, -73.9526776598)"
12314,4,Free,LinkNYC - Citybridge,qu-02-142875,37-02 QUEENS BLVD,40.7439759997,-73.9277719998,1004264.22669,210335.401557,Outdoor Kiosk,"Tablet Internet -phone , Free 1 GB Wi-FI Service",Queens,LinkNYC Free Wi-Fi,LINK-001161,07/18/2017,4,Queens,QN31,Hunters Point-Sunnyside-West Maspeth,26,11101,402,179,179,4003178,4002240020,3497,"(40.7439759997, -73.9277719998)"
12916,4,Free,LinkNYC - Citybridge,qu-04-124926,77-20 QUEENS BOULEVARD,40.7381085702,-73.8857174696,1015920.23192,208210.118406,Outdoor Kiosk,"Tablet Internet -phone , Free 1 GB Wi-FI Service",Queens,LinkNYC Free Wi-Fi,LINK-006867,01/12/2017,4,Queens,QN50,Elmhurst-Maspeth,25,11373,404,479,479,4056457,4024520010,3770,"(40.7381085702, -73.8857174696)"
11885,4,Free,LinkNYC - Citybridge,qu-09-124791,94-02 JAMAICA AVENUE,40.6939628501,-73.8511847395,1025517.33543,192140.880204,Outdoor Kiosk,"Tablet Internet -phone , Free 1 GB Wi-FI Service",Queens,LinkNYC Free Wi-Fi,LINK-011373,07/13/2017,4,Queens,QN53,Woodhaven,32,11421,409,20,20,4184324,4089350000,4049,"(40.6939628501, -73.8511847395)"
12644,4,Free,LinkNYC - Citybridge,qu-02-124952,32-44 QUEENS BOULEVARD,40.7444500197,-73.9318752102,1003127.10167,210507.19124,Outdoor Kiosk,"Tablet Internet -phone , Free 1 GB Wi-FI Service",Queens,LinkNYC Free Wi-Fi,LINK-002674,02/02/2017,4,Queens,QN31,Hunters Point-Sunnyside-West Maspeth,26,11101,402,179,179,4003441,4002480040,3644,"(40.7444500197, -73.9318752102)"
11194,4,Free,LinkNYC - Citybridge,qu-04-125330,86-10 ROOSEVELT AVENUE,40.7479809503,-73.8800268197,1017492.31047,211809.046248,Outdoor Kiosk,"Tablet Internet -phone , Free 1 GB Wi-FI Service",Queens,LinkNYC Free Wi-Fi,LINK-013622,09/07/2017,4,Queens,QN29,Elmhurst,21,11373,404,269,269,4037053,4015020010,4319,"(40.7479809503, -73.8800268197)"
12309,4,Free,LinkNYC - Citybridge,qu-02-124947,46-02 QUEENS BOULEVARD,40.7429119999,-73.9185400005,1006822.75406,209949.996816,Outdoor Kiosk,"Tablet Internet -phone , Free 1 GB Wi-FI Service",Queens,LinkNYC Free Wi-Fi,LINK-001152,02/02/2017,4,Queens,QN31,Hunters Point-Sunnyside-West Maspeth,26,11377,402,235,235,4533708,4001520010,3492,"(40.7429119999, -73.9185400005)"
10188,4,Free,LinkNYC - Citybridge,qu-01-145957,43-60 NORTHERN BOULEVARD,40.7537456299,-73.9177027995,1007051.03608,213897.251389,Outdoor Kiosk,"Tablet Internet -phone , Free 1 GB Wi-FI Service",Queens,LinkNYC Free Wi-Fi,LINK-020922,11/07/2017,4,Queens,QN31,Hunters Point-Sunnyside-West Maspeth,26,11101,401,171,171,4441943,4001430500,4636,"(40.7537456299, -73.9177027995)"
12585,4,Free,LinkNYC - Citybridge,qu-12-141536,168-03 JAMAICA AVENUE,40.7065069998,-73.7923679995,1041816.69982,196744.258792,Outdoor Kiosk,"Tablet Internet -phone , Free 1 GB Wi-FI Service",Queens,LinkNYC Free Wi-Fi,LINK-001821,09/28/2016,4,Queens,QN61,Jamaica,27,11432,412,460,460,4209645,4097990020,3598,"(40.7065069998, -73.7923679995)"
10308,4,Free,LinkNYC - Citybridge,qu-09-145982,119-01 METROPOLITAN AVENUE,40.70615073,-73.8315789698,1030945.5854,196591.123928,Outdoor Kiosk,"Tablet Internet -phone , Free 1 GB Wi-FI Service",Queens,LinkNYC Free Wi-Fi,LINK-021536,02/21/2018,4,Queens,QN60,Kew Gardens,29,11415,409,136,136,4192739,4092300020,4713,"(40.70615073, -73.8315789698)"
11184,4,Free,LinkNYC - Citybridge,qu-09-124798,86-33 FOREST PARKWAY,40.6924510598,-73.86085811,1022835.73089,191585.682167,Outdoor Kiosk,"Tablet Internet -phone , Free 1 GB Wi-FI Service",Queens,LinkNYC Free Wi-Fi,LINK-013542,07/13/2017,4,Queens,QN53,Woodhaven,32,11421,409,12,12,4181531,4088530130,4309,"(40.6924510598, -73.86085811)"
11840,4,Free,LinkNYC - Citybridge,qu-06-145846,100-26 QUEENS BOULEVARD,40.7264949997,-73.8531379997,1024955.81425,203992.394887,Outdoor Kiosk,"Tablet Internet -phone , Free 1 GB Wi-FI Service",Queens,LinkNYC Free Wi-Fi,LINK-018040,08/16/2017,4,Queens,QN17,Forest Hills,29,11375,406,713,713,4075137,4031700030,4460,"(40.7264949997, -73.8531379997)"
11970,4,Free,LinkNYC - Citybridge,qu-02-145780,45-02 VAN DAM STREET,40.7446080003,-73.9337259998,1002614.21195,210564.355168,Outdoor Kiosk,"Tablet Internet -phone , Free 1 GB Wi-FI Service",Queens,LinkNYC Free Wi-Fi,LINK-018172,04/14/2017,4,Queens,QN31,Hunters Point-Sunnyside-West Maspeth,26,11101,402,179,179,4003535,4002790000,4518,"(40.7446080003, -73.9337259998)"
11873,4,Free,LinkNYC - Citybridge,qu-03-139602,37-69 78 STREET,40.7474122763,-73.8876150889,1015390.01087,211599.071602,Outdoor Kiosk,"Tablet Internet -phone , Free 1 GB Wi-FI Service",Queens,LinkNYC Free Wi-Fi,LINK-011259,08/25/2017,4,Queens,QN28,Jackson Heights,25,11372,403,285,285,0,4012890040,4037,"(40.7474122763, -73.8876150889)"
11917,4,Free,LinkNYC - Citybridge,qu-06-145767,98-22 QUEENS BOULEVARD,40.7280673233,-73.8574456475,1023760.93015,204563.268089,Outdoor Kiosk,"Tablet Internet -phone , Free 1 GB Wi-FI Service",Queens,LinkNYC Free Wi-Fi,LINK-018046,04/05/2017,4,Queens,QN17,Forest Hills,29,11374,406,713,713,4072160,4030860020,4465,"(40.7280673233, -73.8574456475)"
11801,4,Free,LinkNYC - Citybridge,qu-04-111010,72-30 ROOSEVELT AVENUE,40.7466703704,-73.8924897106,1014039.6658,211327.076411,Outdoor Kiosk,"Tablet Internet -phone , Free 1 GB Wi-FI Service",Queens,LinkNYC Free Wi-Fi,LINK-014405,08/24/2017,4,Queens,QN50,Elmhurst-Maspeth,25,11377,404,265,265,4030419,4013040040,4421,"(40.7466703704, -73.8924897106)"
11841,4,Free,LinkNYC - Citybridge,qu-06-145847,99-40 67 AVENUE,40.7266949997,-73.8539290005,1024736.45084,204064.894413,Outdoor Kiosk,"Tablet Internet -phone , Free 1 GB Wi-FI Service",Queens,LinkNYC Free Wi-Fi,LINK-018041,07/12/2017,4,Queens,QN17,Forest Hills,29,11375,406,713,713,4075136,4031700030,4461,"(40.7266949997, -73.8539290005)"
10276,4,Free,LinkNYC - Citybridge,qu-09-145885,76-23 JAMAICA AVENUE,40.6917337899,-73.8650147801,1021683.43956,191322.556381,Outdoor Kiosk,"Tablet Internet -phone , Free 1 GB Wi-FI Service",Queens,LinkNYC Free Wi-Fi,LINK-021381,09/25/2017,4,Queens,QN53,Woodhaven,30,11421,409,2,2,4181011,4088400150,4681,"(40.6917337899, -73.8650147801)"
11141,4,Free,LinkNYC - Citybridge,qu-01-145952,36-20 Broadway,40.75972324,-73.9207631705,1006201.16836,216074.306746,Outdoor Kiosk,"Tablet Internet -phone , Free 1 GB Wi-FI Service",Queens,LinkNYC Free Wi-Fi,LINK-019890,01/12/2018,4,Queens,QN70,Astoria,22,11106,401,59,59,4009741,4006470040,4584,"(40.75972324, -73.9207631705)"
11967,4,Free,LinkNYC - Citybridge,qu-02-145741,49-18 QUEENS BOULEVARD,40.7425327137,-73.9153424486,1007708.93634,209812.650963,Outdoor Kiosk,"Tablet Internet -phone , Free 1 GB Wi-FI Service",Queens,LinkNYC Free Wi-Fi,LINK-018157,03/20/2017,4,Queens,QN31,Hunters Point-Sunnyside-West Maspeth,26,11377,402,235,235,4052837,4022820030,4515,"(40.7425327137, -73.9153424486)"
10285,4,Free,LinkNYC - Citybridge,qu-09-145878,86-56 111 STREET,40.6970469998,-73.8372929994,1029367.50424,193271.37499,Outdoor Kiosk,"Tablet Internet -phone , Free 1 GB Wi-FI Service",Queens,LinkNYC Free Wi-Fi,LINK-021397,08/23/2017,4,Queens,QN54,Richmond Hill,32,11418,409,128,128,4192617,4092240030,4690,"(40.6970469998, -73.8372929994)"
11136,4,Free,LinkNYC - Citybridge,qu-01-145958,29-37 40 Road,40.75114906,-73.9349427403,1002275.28907,212947.219825,Outdoor Kiosk,"Tablet Internet -phone , Free 1 GB Wi-FI Service",Queens,LinkNYC Free Wi-Fi,LINK-019781,01/10/2018,4,Queens,QN68,Queensbridge-Ravenswood-Long Island City,26,11101,401,31,31,4000000,4004020010,4579,"(40.75114906, -73.9349427403)"
11045,4,Free,LinkNYC - Citybridge,qu-02-124987,45-23 GREENPOINT AVENUE,40.7422112697,-73.9189950494,1006696.89505,209694.581645,Outdoor Kiosk,"Tablet Internet -phone , Free 1 GB Wi-FI Service",Queens,LinkNYC Free Wi-Fi,LINK-012925,03/09/2017,4,Queens,QN31,Hunters Point-Sunnyside-West Maspeth,26,11104,402,183,183,4001953,4001640000,4242,"(40.7422112697, -73.9189950494)"
11739,4,Free,LinkNYC - Citybridge,qu-09-143998,97-20 JAMAICA AVENUE,40.6946968597,-73.8478443998,1026443.1656,192409.892461,Outdoor Kiosk,"Tablet Internet -phone , Free 1 GB Wi-FI Service",Queens,LinkNYC Free Wi-Fi,LINK-010999,09/25/2017,4,Queens,QN53,Woodhaven,32,11421,409,30,30,4184482,4089380010,3975,"(40.6946968597, -73.8478443998)"
12808,4,Free,LinkNYC - Citybridge,qu-12-141534,148-07 JAMAICA AVENUE,40.7018529997,-73.8064769994,1037908.6827,195039.714301,Outdoor Kiosk,"Tablet Internet -phone , Free 1 GB Wi-FI Service",Queens,LinkNYC Free Wi-Fi,LINK-000781,09/23/2016,4,Queens,QN61,Jamaica,24,11435,412,240,240,4206810,4096780110,3312,"(40.7018529997, -73.8064769994)"
12315,4,Free,LinkNYC - Citybridge,qu-02-143797,45-01 35 STREET,40.7441509999,-73.9298290005,1003694.18518,210398.696378,Outdoor Kiosk,"Tablet Internet -phone , Free 1 GB Wi-FI Service",Queens,LinkNYC Free Wi-Fi,LINK-001194,02/07/2017,4,Queens,QN31,Hunters Point-Sunnyside-West Maspeth,26,11101,402,179,179,4436685,4002260000,3498,"(40.7441509999, -73.9298290005)"
10281,4,Free,LinkNYC - Citybridge,qu-09-145881,105-24 JAMAICA AVENUE,40.6952213803,-73.8411874596,1028288.80495,192604.267072,Outdoor Kiosk,"Tablet Internet -phone , Free 1 GB Wi-FI Service",Queens,LinkNYC Free Wi-Fi,LINK-021393,08/10/2017,4,Queens,QN54,Richmond Hill,32,11418,409,126,126,4194296,4092890030,4686,"(40.6952213803, -73.8411874596)"
11754,4,Free,LinkNYC - Citybridge,qu-04-137796,76-22 ROOSEVELT AVENUE,40.7470591104,-73.8888199003,1015056.34093,211469.97606,Outdoor Kiosk,"Tablet Internet -phone , Free 1 GB Wi-FI Service",Queens,LinkNYC Free Wi-Fi,LINK-011086,08/30/2017,4,Queens,QN29,Elmhurst,25,11373,404,267,267,4036751,4014870010,3990,"(40.7470591104, -73.8888199003)"
11182,4,Free,LinkNYC - Citybridge,qu-01-125163,33-10 Astoria Blvd South,40.76970698,-73.9166731598,1007330.77338,219712.762396,Outdoor Kiosk,"Tablet Internet -phone , Free 1 GB Wi-FI Service",Queens,LinkNYC Free Wi-Fi,LINK-013525,06/12/2018,4,Queens,QN70,Astoria,22,11103,401,65,65,4009294,4006310030,4307,"(40.76970698, -73.9166731598)"
12321,4,Free,LinkNYC - Citybridge,qu-01-136651,36-02 NORTHERN BOULEVARD,40.7519530003,-73.9274929997,1004339.1314,213241.741873,Outdoor Kiosk,"Tablet Internet -phone , Free 1 GB Wi-FI Service",Queens,LinkNYC Free Wi-Fi,LINK-001356,04/09/2018,4,Queens,QN31,Hunters Point-Sunnyside-West Maspeth,26,11101,401,171,171,4003101,4002140020,3504,"(40.7519530003, -73.9274929997)"
10280,4,Free,LinkNYC - Citybridge,qu-09-145882,98-31 JAMAICA AVENUE,40.6950484496,-73.8466559495,1026772.50156,192538.561495,Outdoor Kiosk,"Tablet Internet -phone , Free 1 GB Wi-FI Service",Queens,LinkNYC Free Wi-Fi,LINK-021390,08/09/2017,4,Queens,QN54,Richmond Hill,32,11418,409,24,24,4438536,4091770060,4685,"(40.6950484496, -73.8466559495)"
11813,4,Free,LinkNYC - Citybridge,qu-01-125127,30-20 30 AVENUE,40.7668938002,-73.9215456306,1005982.06184,218686.581705,Outdoor Kiosk,"Tablet Internet -phone , Free 1 GB Wi-FI Service",Queens,LinkNYC Free Wi-Fi,LINK-014561,06/26/2017,4,Queens,QN70,Astoria,22,11102,401,63,63,4007650,4005930030,4433,"(40.7668938002, -73.9215456306)"
11963,4,Free,LinkNYC - Citybridge,qu-02-145742,65-10 QUEENS BOULEVARD,40.7407269999,-73.8998640006,1011998.82474,209159.296626,Outdoor Kiosk,"Tablet Internet -phone , Free 1 GB Wi-FI Service",Queens,LinkNYC Free Wi-Fi,LINK-018148,03/20/2017,4,Queens,QN63,Woodside,26,11377,402,245,245,4437388,4023920020,4511,"(40.7407269999, -73.8998640006)"
11862,4,Free,LinkNYC - Citybridge,qu-04-136360,74-04 ROOSEVELT AVENUE,40.7467977541,-73.8912148551,1014392.85342,211373.922446,Outdoor Kiosk,"Tablet Internet -phone , Free 1 GB Wi-FI Service",Queens,LinkNYC Free Wi-Fi,LINK-011194,08/25/2017,4,Queens,QN29,Elmhurst,25,11373,404,267,267,4036717,4014850020,4026,"(40.7467977541, -73.8912148551)"
11191,4,Free,LinkNYC - Citybridge,qu-06-124234,70-25 YELLOWSTONE BOULEVARD,40.7224991699,-73.8507769605,1025612.70401,202537.698649,Outdoor Kiosk,"Tablet Internet -phone , Free 1 GB Wi-FI Service",Queens,LinkNYC Free Wi-Fi,LINK-013607,03/09/2017,4,Queens,QN17,Forest Hills,29,11375,406,711,711,4433878,4032360040,4316,"(40.7224991699, -73.8507769605)"
11770,4,Free,LinkNYC - Citybridge,qu-04-136657,94-26 ROOSEVELT AVENUE,40.7488783104,-73.87146338,1019864.59707,212139.348737,Outdoor Kiosk,"Tablet Internet -phone , Free 1 GB Wi-FI Service",Queens,LinkNYC Free Wi-Fi,LINK-011116,09/08/2017,4,Queens,QN29,Elmhurst,21,11373,404,465,465,4311592,4015890100,4006,"(40.7488783104, -73.87146338)"
11957,4,Free,LinkNYC - Citybridge,qu-04-145775,87-20 55 AVENUE,40.7353873998,-73.8762542303,1018544.10496,207222.274254,Outdoor Kiosk,"Tablet Internet -phone , Free 1 GB Wi-FI Service",Queens,LinkNYC Free Wi-Fi,LINK-018141,04/10/2017,4,Queens,QN29,Elmhurst,25,11373,404,475,475,4064700,4028530010,4505,"(40.7353873998, -73.8762542303)"
9630,4,Free,LinkNYC - Citybridge,qu-01-146088,25-35 ASTORIA BOULEVARD,40.7710546001,-73.92149601,1005994.4483,220202.511088,Outdoor Kiosk,"Tablet Internet -phone , Free 1 GB Wi-FI Service",Queens,LinkNYC Free Wi-Fi,LINK-021014,06/28/2018,4,Queens,QN71,Old Astoria,22,11102,401,69,69,4018497,4008610000,4829,"(40.7710546001, -73.92149601)"
12815,4,Free,LinkNYC - Citybridge,qu-12-142734,153-02 JAMAICA AVENUE,40.7027335102,-73.8020188905,1039144.06835,195363.272053,Outdoor Kiosk,"Tablet Internet -phone , Free 1 GB Wi-FI Service",Queens,LinkNYC Free Wi-Fi,LINK-000794,09/23/2016,4,Queens,QN61,Jamaica,27,11433,412,240,240,4315254,4100970010,3319,"(40.7027335102, -73.8020188905)"
12304,4,Free,LinkNYC - Citybridge,qu-04-124921,89-02 QUEENS BOULEVARD,40.7345451604,-73.8747045798,1018974.0037,206916.030772,Outdoor Kiosk,"Tablet Internet -phone , Free 1 GB Wi-FI Service",Queens,LinkNYC Free Wi-Fi,LINK-001140,12/29/2016,4,Queens,QN29,Elmhurst,25,11373,404,475,475,4064743,4028550010,3487,"(40.7345451604, -73.8747045798)"
12919,4,Free,LinkNYC - Citybridge,qu-06-145786,112-04 QUEENS BLVD,40.7179603122,-73.8368052731,1029488.55223,200890.962441,Outdoor Kiosk,"Tablet Internet -phone , Free 1 GB Wi-FI Service",Queens,LinkNYC Free Wi-Fi,LINK-006880,04/18/2017,4,Queens,QN17,Forest Hills,29,11375,406,769,769,4079775,4033397500,3773,"(40.7179603122, -73.8368052731)"
11890,4,Free,LinkNYC - Citybridge,qu-01-125081,38-04 BROADWAY,40.7591990002,-73.9196490004,1006510.00468,215883.590264,Outdoor Kiosk,"Tablet Internet -phone , Free 1 GB Wi-FI Service",Queens,LinkNYC Free Wi-Fi,LINK-011417,05/18/2017,4,Queens,QN70,Astoria,22,11103,401,155,155,4010407,4006560040,4054,"(40.7591990002, -73.9196490004)"
12820,4,Free,LinkNYC - Citybridge,qu-12-141538,162-02 JAMAICA AVENUE,40.7042158498,-73.7977431196,1040328.35896,195906.039668,Outdoor Kiosk,"Tablet Internet -phone , Free 1 GB Wi-FI Service",Queens,LinkNYC Free Wi-Fi,LINK-000802,02/03/2017,4,Queens,QN61,Jamaica,27,11433,412,446,446,4215621,4101020000,3324,"(40.7042158498, -73.7977431196)"
10187,4,Free,LinkNYC - Citybridge,qu-01-145956,48-18 NORTHERN BOULEVARD,40.7535214998,-73.9145011394,1007938.15865,213816.443152,Outdoor Kiosk,"Tablet Internet -phone , Free 1 GB Wi-FI Service",Queens,LinkNYC Free Wi-Fi,LINK-020914,11/07/2017,4,Queens,QN31,Hunters Point-Sunnyside-West Maspeth,26,11101,401,171,171,4000822,4001200010,4635,"(40.7535214998, -73.9145011394)"
12300,4,Free,LinkNYC - Citybridge,qu-06-124194,107-40 QUEENS BOULEVARD,40.72152582,-73.8448837098,1027246.86347,202185.91556,Outdoor Kiosk,"Tablet Internet -phone , Free 1 GB Wi-FI Service",Queens,LinkNYC Free Wi-Fi,LINK-001129,07/10/2017,4,Queens,QN17,Forest Hills,29,11375,406,711,711,4312083,4032397500,3483,"(40.72152582, -73.8448837098)"
11240,4,Free,LinkNYC - Citybridge,qu-01-142873,36-02 30 AVENUE,40.7649022898,-73.9173027598,1007158.03258,217962.090044,Outdoor Kiosk,"Tablet Internet -phone , Free 1 GB Wi-FI Service",Queens,LinkNYC Free Wi-Fi,LINK-010340,04/06/2018,4,Queens,QN70,Astoria,22,11103,401,63,63,4010009,4006510040,3870,"(40.7649022898, -73.9173027598)"
12295,4,Free,LinkNYC - Citybridge,qu-09-115253,123-23 JAMAICA AVE,40.7008644474,-73.8265510208,1032343.42152,194667.897131,Outdoor Kiosk,"Tablet Internet -phone , Free 1 GB Wi-FI Service",Queens,LinkNYC Free Wi-Fi,LINK-001115,06/06/2017,4,Queens,QN54,Richmond Hill,29,11418,409,142,142,4193811,4092770080,3478,"(40.7008644474, -73.8265510208)"
11039,4,Free,LinkNYC - Citybridge,qu-01-125092,23-55 BROADWAY,40.76355288,-73.9285139103,1004052.82423,217467.722595,Outdoor Kiosk,"Tablet Internet -phone , Free 1 GB Wi-FI Service",Queens,LinkNYC Free Wi-Fi,LINK-012887,05/23/2017,4,Queens,QN70,Astoria,22,11106,401,75,75,4006566,4005670000,4236,"(40.76355288, -73.9285139103)"
11978,4,Free,LinkNYC - Citybridge,qu-02-145792,23-03 JACKSON AVENUE,40.7460886301,-73.9452460497,999421.72391,211101.590642,Outdoor Kiosk,"Tablet Internet -phone , Free 1 GB Wi-FI Service",Queens,LinkNYC Free Wi-Fi,LINK-018200,03/29/2017,4,Queens,QN31,Hunters Point-Sunnyside-West Maspeth,26,11101,402,19,19,4000690,4000800000,4526,"(40.7460886301, -73.9452460497)"
11750,4,Free,LinkNYC - Citybridge,qu-02-139595,27-20 43 AVENUE,40.7476669898,-73.9414197295,1000481.57087,211677.323414,Outdoor Kiosk,"Tablet Internet -phone , Free 1 GB Wi-FI Service",Queens,LinkNYC Free Wi-Fi,LINK-011073,10/18/2017,4,Queens,QN31,Hunters Point-Sunnyside-West Maspeth,26,11101,402,19,19,4005138,4004330000,3986,"(40.7476669898, -73.9414197295)"
11187,4,Free,LinkNYC - Citybridge,qu-01-125088,34-02 BROADWAY,40.7607129999,-73.922879,1005614.69774,216434.385422,Outdoor Kiosk,"Tablet Internet -phone , Free 1 GB Wi-FI Service",Queens,LinkNYC Free Wi-Fi,LINK-013546,06/08/2017,4,Queens,QN70,Astoria,22,11106,401,59,59,4008830,4006220040,4312,"(40.7607129999, -73.922879)"
11959,4,Free,LinkNYC - Citybridge,qu-04-145776,51-01 GOLDSMITH STREET,40.7369819998,-73.8803150002,1017417.93628,207801.673029,Outdoor Kiosk,"Tablet Internet -phone , Free 1 GB Wi-FI Service",Queens,LinkNYC Free Wi-Fi,LINK-018143,03/20/2017,4,Queens,QN29,Elmhurst,25,11373,404,475,475,4057288,4024760010,4507,"(40.7369819998, -73.8803150002)"
12818,4,Free,LinkNYC - Citybridge,qu-12-141542,160-12 JAMAICA AVENUE,40.7039283997,-73.7984702796,1040126.98567,195800.848606,Outdoor Kiosk,"Tablet Internet -phone , Free 1 GB Wi-FI Service",Queens,LinkNYC Free Wi-Fi,LINK-000799,02/03/2017,4,Queens,QN61,Jamaica,27,11433,412,446,446,4215614,4101010000,3322,"(40.7039283997, -73.7984702796)"
12816,4,Free,LinkNYC - Citybridge,qu-12-144028,159-29 JAMAICA AVENUE,40.7037685601,-73.7993433197,1039885.0567,195742.058697,Outdoor Kiosk,"Tablet Internet -phone , Free 1 GB Wi-FI Service",Queens,LinkNYC Free Wi-Fi,LINK-000797,09/28/2016,4,Queens,QN61,Jamaica,24,11432,412,446,446,4208839,4097560060,3320,"(40.7037685601, -73.7993433197)"
11849,4,Free,LinkNYC - Citybridge,qu-04-136655,92-12 ROOSEVELT AVENUE,40.7485946813,-73.8742030692,1019105.63992,212034.91161,Outdoor Kiosk,"Tablet Internet -phone , Free 1 GB Wi-FI Service",Queens,LinkNYC Free Wi-Fi,LINK-011150,09/08/2017,4,Queens,QN29,Elmhurst,21,11373,404,469,469,4038783,4015500020,4013,"(40.7485946813, -73.8742030692)"
11747,4,Free,LinkNYC - Citybridge,qu-04-136456,81-02 ROOSEVELT AVENUE,40.7474899403,-73.8846895001,1016200.60571,211628.420625,Outdoor Kiosk,"Tablet Internet -phone , Free 1 GB Wi-FI Service",Queens,LinkNYC Free Wi-Fi,LINK-011039,10/04/2017,4,Queens,QN29,Elmhurst,25,11373,404,269,269,4036860,4014920000,3983,"(40.7474899403, -73.8846895001)"
10540,4,Free,LinkNYC - Citybridge,qu-03-125402,102-02 NORTHERN BOULEVARD,40.7574456202,-73.8664342596,1021253.29245,215262.778186,Outdoor Kiosk,"Tablet Internet -phone , Free 1 GB Wi-FI Service",Queens,LinkNYC Free Wi-Fi,LINK-011428,06/29/2018,4,Queens,QN26,North Corona,21,11368,403,379,379,4042582,4017170000,4785,"(40.7574456202, -73.8664342596)"
11178,4,Free,LinkNYC - Citybridge,qu-01-125113,37-20 30 AVENUE,40.7642725701,-73.9159581002,1007530.73788,217733.017012,Outdoor Kiosk,"Tablet Internet -phone , Free 1 GB Wi-FI Service",Queens,LinkNYC Free Wi-Fi,LINK-013508,06/26/2017,4,Queens,QN70,Astoria,22,11103,401,63,63,4010592,4006590050,4303,"(40.7642725701, -73.9159581002)"
11789,4,Free,LinkNYC - Citybridge,qu-01-108373,29-01 BROADWAY,40.7627200002,-73.9268080003,1004525.64284,217164.667426,Outdoor Kiosk,"Tablet Internet -phone , Free 1 GB Wi-FI Service",Queens,LinkNYC Free Wi-Fi,LINK-014249,05/23/2017,4,Queens,QN70,Astoria,22,11106,401,75,75,4007473,4005880010,4409,"(40.7627200002, -73.9268080003)"
11146,4,Free,LinkNYC - Citybridge,qu-04-145914,83-02 BROADWAY,40.7409367455,-73.8799248485,1017524.08272,209242.658664,Outdoor Kiosk,"Tablet Internet -phone , Free 1 GB Wi-FI Service",Queens,LinkNYC Free Wi-Fi,LINK-019900,09/07/2017,4,Queens,QN50,Elmhurst-Maspeth,25,11373,404,485,485,4430211,4015440030,4589,"(40.7409367455, -73.8799248485)"
11966,4,Free,LinkNYC - Citybridge,qu-02-145787,46-01 58 STREET,40.7414339625,-73.9075341577,1009873.06587,209414.528727,Outdoor Kiosk,"Tablet Internet -phone , Free 1 GB Wi-FI Service",Queens,LinkNYC Free Wi-Fi,LINK-018155,04/05/2017,4,Queens,QN63,Woodside,26,11377,402,245,245,4454475,4023137500,4514,"(40.7414339625, -73.9075341577)"
9669,4,Free,LinkNYC - Citybridge,qu-02-125015,46-45 VERNON BOULEVARD,40.7454964104,-73.9529662599,997282.653713,210884.583202,Outdoor Kiosk,"Tablet Internet -phone , Free 1 GB Wi-FI Service",Queens,LinkNYC Free Wi-Fi,LINK-011778,06/28/2018,4,Queens,QN31,Hunters Point-Sunnyside-West Maspeth,26,11101,402,7,7,4311868,4000470000,4868,"(40.7454964104, -73.9529662599)"
12584,4,Free,LinkNYC - Citybridge,qu-12-141553,168-06 JAMAICA AVENUE,40.7063573603,-73.7922051799,1041861.97138,196689.847812,Outdoor Kiosk,"Tablet Internet -phone , Free 1 GB Wi-FI Service",Queens,LinkNYC Free Wi-Fi,LINK-001820,09/28/2016,4,Queens,QN61,Jamaica,27,11433,412,444,444,4217372,4102090000,3597,"(40.7063573603, -73.7922051799)"
12301,4,Free,LinkNYC - Citybridge,qu-06-128370,101-20 QUEENS BOULEVARD,40.7260820004,-73.852197,1025216.88525,203842.365331,Outdoor Kiosk,"Tablet Internet -phone , Free 1 GB Wi-FI Service",Queens,LinkNYC Free Wi-Fi,LINK-001130,08/16/2017,4,Queens,QN17,Forest Hills,29,11375,406,713,713,4075147,4031710030,3484,"(40.7260820004, -73.852197)"
12164,4,Free,LinkNYC - Citybridge,qu-04-136653,77-14 ROOSEVELT AVENUE,40.74715289,-73.8879259195,1015304.00579,211504.458603,Outdoor Kiosk,"Tablet Internet -phone , Free 1 GB Wi-FI Service",Queens,LinkNYC Free Wi-Fi,LINK-012611,08/25/2017,4,Queens,QN29,Elmhurst,25,11373,404,267,267,4036780,4014880010,4179,"(40.74715289, -73.8879259195)"
10275,4,Free,LinkNYC - Citybridge,qu-01-145948,44-02 30 AVENUE,40.7622776198,-73.9117170802,1008706.28966,217007.346875,Outdoor Kiosk,"Tablet Internet -phone , Free 1 GB Wi-FI Service",Queens,LinkNYC Free Wi-Fi,LINK-021332,10/23/2017,4,Queens,QN70,Astoria,22,11103,401,151,151,4012635,4007130080,4680,"(40.7622776198, -73.9117170802)"
11794,4,Free,LinkNYC - Citybridge,qu-09-133287,86-15 JAMAICA AVENUE,40.6926719996,-73.8575469999,1023753.81009,191667.652804,Outdoor Kiosk,"Tablet Internet -phone , Free 1 GB Wi-FI Service",Queens,LinkNYC Free Wi-Fi,LINK-014303,01/16/2018,4,Queens,QN53,Woodhaven,32,11421,409,12,12,4181747,4088610080,4414,"(40.6926719996, -73.8575469999)"
10307,4,Free,LinkNYC - Citybridge,qu-09-145987,82-02 LEFFERTS BOULEVARD,40.7075305503,-73.8313608199,1031005.1007,197093.949366,Outdoor Kiosk,"Tablet Internet -phone , Free 1 GB Wi-FI Service",Queens,LinkNYC Free Wi-Fi,LINK-021535,01/15/2019,4,Queens,QN60,Kew Gardens,29,11415,409,775,775,4079530,4033300030,4712,"(40.7075305503, -73.8313608199)"
10286,4,Free,LinkNYC - Citybridge,qu-09-145889,112-25 JAMAICA AVENUE,40.6979021503,-73.83565709,1029820.54533,193583.777909,Outdoor Kiosk,"Tablet Internet -phone , Free 1 GB Wi-FI Service",Queens,LinkNYC Free Wi-Fi,LINK-021398,08/09/2017,4,Queens,QN54,Richmond Hill,32,11418,409,130,130,4192701,4092260090,4691,"(40.6979021503, -73.83565709)"
11135,4,Free,LinkNYC - Citybridge,qu-02-145926,27-35 JACKSON AVENUE,40.7481038954,-73.9399519777,1000888.15011,211836.777492,Outdoor Kiosk,"Tablet Internet -phone , Free 1 GB Wi-FI Service",Queens,LinkNYC Free Wi-Fi,LINK-019776,10/18/2017,4,Queens,QN31,Hunters Point-Sunnyside-West Maspeth,26,11101,402,19,19,4005127,4004320010,4578,"(40.7481038954, -73.9399519777)"
11195,4,Free,LinkNYC - Citybridge,qu-01-125085,31-01 BROADWAY,40.7618968787,-73.9250503057,1005012.81575,216865.189023,Outdoor Kiosk,"Tablet Internet -phone , Free 1 GB Wi-FI Service",Queens,LinkNYC Free Wi-Fi,LINK-013628,05/17/2017,4,Queens,QN70,Astoria,22,11106,401,61,61,4008367,4006130010,4320,"(40.7618968787, -73.9250503057)"
11954,4,Free,LinkNYC - Citybridge,qu-04-145768,90-20 QUEENS BOULEVARD,40.7335789997,-73.8716480005,1019821.61028,206565.254898,Outdoor Kiosk,"Tablet Internet -phone , Free 1 GB Wi-FI Service",Queens,LinkNYC Free Wi-Fi,LINK-018137,04/14/2017,4,Queens,QN29,Elmhurst,25,11373,404,475,475,4457337,4028570070,4502,"(40.7335789997, -73.8716480005)"
12290,4,Free,LinkNYC - Citybridge,qu-09-128721,115-09 JAMAICA AVE,40.6988997204,-73.8338343899,1030325.2707,193948.175146,Outdoor Kiosk,"Tablet Internet -phone , Free 1 GB Wi-FI Service",Queens,LinkNYC Free Wi-Fi,LINK-001109,06/26/2017,4,Queens,QN54,Richmond Hill,29,11418,409,132,132,4192728,4092290030,3473,"(40.6988997204, -73.8338343899)"
11839,4,Free,LinkNYC - Citybridge,qu-04-145788,90-20 QUEENS BOULEVARD,40.7333421001,-73.8708377505,1020046.29093,206479.275083,Outdoor Kiosk,"Tablet Internet -phone , Free 1 GB Wi-FI Service",Queens,LinkNYC Free Wi-Fi,LINK-018037,04/10/2017,4,Queens,QN29,Elmhurst,25,11373,404,475,475,4457337,4028570070,4459,"(40.7333421001, -73.8708377505)"
11870,4,Free,LinkNYC - Citybridge,qu-03-139600,37-99 84 STREET,40.7479909297,-73.8820337001,1016936.23711,211811.92682,Outdoor Kiosk,"Tablet Internet -phone , Free 1 GB Wi-FI Service",Queens,LinkNYC Free Wi-Fi,LINK-011251,09/07/2017,4,Queens,QN28,Jackson Heights,21,11372,403,281,281,4036234,4014720040,4034,"(40.7479909297, -73.8820337001)"
11872,4,Free,LinkNYC - Citybridge,qu-03-136451,85-05 ROOSEVELT AVENUE,40.7480196204,-73.8809237298,1017243.77455,211822.795892,Outdoor Kiosk,"Tablet Internet -phone , Free 1 GB Wi-FI Service",Queens,LinkNYC Free Wi-Fi,LINK-011258,10/06/2017,4,Queens,QN28,Jackson Heights,21,11372,403,279,279,4036249,4014730050,4036,"(40.7480196204, -73.8809237298)"
11802,4,Free,LinkNYC - Citybridge,qu-03-111054,87-15 ROOSEVELT AVENUE,40.7482526704,-73.8787156896,1017855.46263,211908.542768,Outdoor Kiosk,"Tablet Internet -phone , Free 1 GB Wi-FI Service",Queens,LinkNYC Free Wi-Fi,LINK-014406,09/08/2017,4,Queens,QN28,Jackson Heights,21,11372,403,279,279,4036272,4014750030,4422,"(40.7482526704, -73.8787156896)"
12927,4,Free,LinkNYC - Citybridge,qu-02-125014,10-63 JACKSON AVE,40.7429193398,-73.9521266595,997515.813023,209945.800303,Outdoor Kiosk,"Tablet Internet -phone , Free 1 GB Wi-FI Service",Queens,LinkNYC Free Wi-Fi,LINK-007136,03/24/2017,4,Queens,QN31,Hunters Point-Sunnyside-West Maspeth,26,11101,402,7,7,4000240,4000427500,3781,"(40.7429193398, -73.9521266595)"
10189,4,Free,LinkNYC - Citybridge,"qu-01-146067
qu-01-146067
qu-01-146067",37-1 37 STREET,40.7523481746,-73.9265998293,1004586.4767,213385.922687,Outdoor Kiosk,"Tablet Internet -phone , Free 1 GB Wi-FI Service",Queens,LinkNYC Free Wi-Fi,LINK-020927,04/23/2018,4,Queens,QN68,Queensbridge-Ravenswood-Long Island City,26,11101,401,55,55,4004571,4003780001,4637,"(40.7523481746, -73.9265998293)"
9785,4,Free,LinkNYC - Citybridge,qu-03-134030,73-02 NORTHERN BOULEVARD,40.7545069998,-73.893639,1013717.7465,214181.822342,Outdoor Kiosk,"Tablet Internet -phone , Free 1 GB Wi-FI Service",Queens,LinkNYC Free Wi-Fi,LINK-001362,06/20/2018,4,Queens,QN28,Jackson Heights,25,11372,403,289,289,4028633,4012460000,4902,"(40.7545069998, -73.893639)"
11981,4,Free,LinkNYC - Citybridge,qu-02-145795,48-15 11th St,40.7433823398,-73.95080577,997881.739785,210114.688744,Outdoor Kiosk,"Tablet Internet -phone , Free 1 GB Wi-FI Service",Queens,LinkNYC Free Wi-Fi,LINK-018206,05/30/2018,4,Queens,QN31,Hunters Point-Sunnyside-West Maspeth,26,11101,402,7,7,4536917,4000617500,4529,"(40.7433823398, -73.95080577)"
12807,4,Free,LinkNYC - Citybridge,qu-12-141535,147-05 JAMAICA AVENUE,40.7018269999,-73.8076610003,1037580.41268,195029.518783,Outdoor Kiosk,"Tablet Internet -phone , Free 1 GB Wi-FI Service",Queens,LinkNYC Free Wi-Fi,LINK-000780,09/23/2016,4,Queens,QN61,Jamaica,24,11435,412,240,240,4206783,4096770000,3311,"(40.7018269999, -73.8076610003)"
12311,4,Free,LinkNYC - Citybridge,qu-02-142124,43-02 QUEENS BOULEVARD,40.7432210004,-73.9212570006,1006069.76606,210061.887013,Outdoor Kiosk,"Tablet Internet -phone , Free 1 GB Wi-FI Service",Queens,LinkNYC Free Wi-Fi,LINK-001155,02/02/2017,4,Queens,QN31,Hunters Point-Sunnyside-West Maspeth,26,11104,402,183,183,4001992,4001680030,3494,"(40.7432210004, -73.9212570006)"
12299,4,Free,LinkNYC - Citybridge,qu-06-124180,110-44 QUEENS BOULEVARD,40.7192930002,-73.8397409997,1028673.8639,201374.998218,Outdoor Kiosk,"Tablet Internet -phone , Free 1 GB Wi-FI Service",Queens,LinkNYC Free Wi-Fi,LINK-001125,07/29/2016,4,Queens,QN17,Forest Hills,29,11375,406,769,769,4078798,4032920020,3482,"(40.7192930002, -73.8397409997)"
12013,4,Free,LinkNYC - Citybridge,qu-01-125114,40-17 30 AVENUE,40.7636209999,-73.9142589999,1008001.64376,217496.084743,Outdoor Kiosk,"Tablet Internet -phone , Free 1 GB Wi-FI Service",Queens,LinkNYC Free Wi-Fi,LINK-011912,06/26/2017,4,Queens,QN70,Astoria,22,11103,401,147,147,4010804,4006630040,4100,"(40.7636209999, -73.9142589999)"
11041,4,Free,LinkNYC - Citybridge,qu-01-125086,32-21 BROADWAY,40.7613410003,-73.9238699996,1005339.96404,216662.946317,Outdoor Kiosk,"Tablet Internet -phone , Free 1 GB Wi-FI Service",Queens,LinkNYC Free Wi-Fi,LINK-012889,06/14/2017,4,Queens,QN70,Astoria,22,11106,401,61,61,4008399,4006140000,4238,"(40.7613410003, -73.9238699996)"
12812,4,Free,LinkNYC - Citybridge,qu-12-138109,166-08 JAMAICA AVENUE,40.7058390602,-73.7937300503,1041439.6402,196500.016827,Outdoor Kiosk,"Tablet Internet -phone , Free 1 GB Wi-FI Service",Queens,LinkNYC Free Wi-Fi,LINK-000789,09/23/2016,4,Queens,QN61,Jamaica,27,11433,412,444,444,4216243,4101560000,3316,"(40.7058390602, -73.7937300503)"
10194,4,Free,LinkNYC - Citybridge,qu-01-GF44202,33-20 31 AVENUE,40.7632070002,-73.9212670001,1006060.45046,217343.428552,Outdoor Kiosk,"Tablet Internet -phone , Free 1 GB Wi-FI Service",Queens,LinkNYC Free Wi-Fi,LINK-020960,09/09/9999,4,Queens,QN70,Astoria,22,11106,401,61,61,4008904,4006230040,4642,"(40.7632070002, -73.9212670001)"
10242,4,Free,LinkNYC - Citybridge,qu-01-145950,42-27 35 AVENUE,40.7541355176,-73.9198187072,1006464.67866,214038.756355,Outdoor Kiosk,"Tablet Internet -phone , Free 1 GB Wi-FI Service",Queens,LinkNYC Free Wi-Fi,LINK-021020,10/23/2017,4,Queens,QN70,Astoria,26,11101,401,159,159,4307241,4006750060,4647,"(40.7541355176, -73.9198187072)"
11737,4,Free,LinkNYC - Citybridge,qu-04-137921,75-20 ROOSEVELT AVENUE,40.7469663803,-73.88970545,1014811.01104,211435.881312,Outdoor Kiosk,"Tablet Internet -phone , Free 1 GB Wi-FI Service",Queens,LinkNYC Free Wi-Fi,LINK-010993,08/30/2017,4,Queens,QN29,Elmhurst,25,11373,404,267,267,4036735,4014860030,3973,"(40.7469663803, -73.88970545)"
11998,4,Free,LinkNYC - Citybridge,qu-09-124794,107-23 JAMAICA AVENUE,40.6956027998,-73.8396065896,1028726.92613,192744.027948,Outdoor Kiosk,"Tablet Internet -phone , Free 1 GB Wi-FI Service",Queens,LinkNYC Free Wi-Fi,LINK-011760,07/07/2017,4,Queens,QN54,Richmond Hill,32,11418,409,128,128,4192128,4092030040,4085,"(40.6956027998, -73.8396065896)"
12587,4,Free,LinkNYC - Citybridge,qu-06-124184,116-12 QUEENS BOULEVARD,40.7157580003,-73.8335130003,1030402.71378,200090.311811,Outdoor Kiosk,"Tablet Internet -phone , Free 1 GB Wi-FI Service",Queens,LinkNYC Free Wi-Fi,LINK-001827,07/29/2016,4,Queens,QN17,Forest Hills,29,11375,406,769,769,4079980,4033460000,3600,"(40.7157580003, -73.8335130003)"
11842,4,Free,LinkNYC - Citybridge,qu-06-145764,98-108 QUEENS BOULEVARD,40.7270949999,-73.854789,1024497.8437,204210.230409,Outdoor Kiosk,"Tablet Internet -phone , Free 1 GB Wi-FI Service",Queens,LinkNYC Free Wi-Fi,LINK-018042,04/05/2017,4,Queens,QN17,Forest Hills,29,11374,406,713,713,4074784,4031590060,4462,"(40.7270949999, -73.854789)"
12310,4,Free,LinkNYC - Citybridge,qu-02-128387,45-02 44 STREET,40.7430627096,-73.9206815,1006229.29002,210004.360553,Outdoor Kiosk,"Tablet Internet -phone , Free 1 GB Wi-FI Service",Queens,LinkNYC Free Wi-Fi,LINK-001154,02/02/2017,4,Queens,QN31,Hunters Point-Sunnyside-West Maspeth,26,11104,402,183,183,4001993,4001680030,3493,"(40.7430627096, -73.9206815)"
10279,4,Free,LinkNYC - Citybridge,qu-09-145883,96-01 JAMAICA AVENUE,40.69467595,-73.8485874305,1026237.13452,192401.917411,Outdoor Kiosk,"Tablet Internet -phone , Free 1 GB Wi-FI Service",Queens,LinkNYC Free Wi-Fi,LINK-021389,08/09/2017,4,Queens,QN53,Woodhaven,32,11421,409,22,22,4182667,4088920070,4684,"(40.69467595, -73.8485874305)"
11889,4,Free,LinkNYC - Citybridge,qu-01-125071,48-12 BROADWAY,40.7557639996,-73.9123360004,1008537.21027,214634.051097,Outdoor Kiosk,"Tablet Internet -phone , Free 1 GB Wi-FI Service",Queens,LinkNYC Free Wi-Fi,LINK-011415,05/18/2017,4,Queens,QN70,Astoria,26,11103,401,161,161,4013642,4007340040,4053,"(40.7557639996, -73.9123360004)"
11186,4,Free,LinkNYC - Citybridge,qu-01-125077,37-17 BROADWAY,40.7594900004,-73.9199260004,1006433.1692,215989.54084,Outdoor Kiosk,"Tablet Internet -phone , Free 1 GB Wi-FI Service",Queens,LinkNYC Free Wi-Fi,LINK-013545,05/17/2017,4,Queens,QN70,Astoria,22,11103,401,61,61,4010434,4006570000,4311,"(40.7594900004, -73.9199260004)"
11958,4,Free,LinkNYC - Citybridge,qu-04-145745,86-10 QUEENS BOULEVARD,40.7362729999,-73.877364,1018236.09901,207544.493425,Outdoor Kiosk,"Tablet Internet -phone , Free 1 GB Wi-FI Service",Queens,LinkNYC Free Wi-Fi,LINK-018142,06/13/2017,4,Queens,QN29,Elmhurst,25,11373,404,475,475,4064656,4028510030,4506,"(40.7362729999, -73.877364)"
10282,4,Free,LinkNYC - Citybridge,qu-09-145880,106-15 JAMAICA AVENUE,40.6954198104,-73.8405505595,1028465.2859,192676.881756,Outdoor Kiosk,"Tablet Internet -phone , Free 1 GB Wi-FI Service",Queens,LinkNYC Free Wi-Fi,LINK-021394,08/09/2017,4,Queens,QN54,Richmond Hill,32,11418,409,26,26,4192081,4092020040,4687,"(40.6954198104, -73.8405505595)"
11797,4,Free,LinkNYC - Citybridge,qu-09-126735,74-39 JAMAICA AVENUE,40.6914500002,-73.866734,1021206.83159,191218.433558,Outdoor Kiosk,"Tablet Internet -phone , Free 1 GB Wi-FI Service",Queens,LinkNYC Free Wi-Fi,LINK-014333,07/21/2017,4,Queens,QN53,Woodhaven,30,11421,409,2,2,4180778,4088350000,4417,"(40.6914500002, -73.866734)"
12294,4,Free,LinkNYC - Citybridge,qu-09-124777,86-43 LEFFERTS BOULEVARD,40.7001586499,-73.8309137005,1031134.24841,194408.389448,Outdoor Kiosk,"Tablet Internet -phone , Free 1 GB Wi-FI Service",Queens,LinkNYC Free Wi-Fi,LINK-001114,06/06/2017,4,Queens,QN54,Richmond Hill,29,11418,409,144,144,4193694,4092730080,3477,"(40.7001586499, -73.8309137005)"
11894,4,Free,LinkNYC - Citybridge,qu-01-125118,43-02 30 AVENUE,40.76266328,-73.9125412895,1008477.82555,217147.62645,Outdoor Kiosk,"Tablet Internet -phone , Free 1 GB Wi-FI Service",Queens,LinkNYC Free Wi-Fi,LINK-011446,02/28/2018,4,Queens,QN70,Astoria,22,11103,401,149,149,4012032,4006970110,4058,"(40.76266328, -73.9125412895)"
9796,4,Free,LinkNYC - Citybridge,qu-09-138287,87-06 126 STREET,40.7010399999,-73.8247189998,1032851.27024,194732.867146,Outdoor Kiosk,"Tablet Internet -phone , Free 1 GB Wi-FI Service",Queens,LinkNYC Free Wi-Fi,LINK-001117,06/29/2018,4,Queens,QN54,Richmond Hill,29,11418,409,14201,14201,4196127,4093340010,4913,"(40.7010399999, -73.8247189998)"
11867,4,Free,LinkNYC - Citybridge,qu-01-136769,34-01 38 AVENUE,40.7522785196,-73.9290546296,1003906.36291,213359.984747,Outdoor Kiosk,"Tablet Internet -phone , Free 1 GB Wi-FI Service",Queens,LinkNYC Free Wi-Fi,LINK-011208,02/21/2018,4,Queens,QN68,Queensbridge-Ravenswood-Long Island City,26,11101,401,55,55,4004564,4003760000,4031,"(40.7522785196, -73.9290546296)"
12918,4,Free,LinkNYC - Citybridge,qu-06-145762,110-72 QUEENS BLVD,40.7189530002,-73.8389760002,1028886.14956,201251.51487,Outdoor Kiosk,"Tablet Internet -phone , Free 1 GB Wi-FI Service",Queens,LinkNYC Free Wi-Fi,LINK-006876,03/28/2017,4,Queens,QN17,Forest Hills,29,11375,406,769,769,4078799,4032927500,3772,"(40.7189530002, -73.8389760002)"
11816,4,Free,LinkNYC - Citybridge,qu-04-136003,40-02 73 STREET,40.7466238169,-73.8923556535,1014076.83207,211310.161091,Outdoor Kiosk,"Tablet Internet -phone , Free 1 GB Wi-FI Service",Queens,LinkNYC Free Wi-Fi,LINK-014604,08/24/2017,4,Queens,QN50,Elmhurst-Maspeth,25,11377,404,265,265,4030419,4013040040,4436,"(40.7466238169, -73.8923556535)"
11254,4,Free,LinkNYC - Citybridge,qu-03-100928,80-05 ROOSEVELT AVENUE,40.7475388201,-73.8854976102,1015976.66882,211645.935354,Outdoor Kiosk,"Tablet Internet -phone , Free 1 GB Wi-FI Service",Queens,LinkNYC Free Wi-Fi,LINK-010430,09/25/2017,4,Queens,QN28,Jackson Heights,25,11372,403,283,283,4030000,4012910050,3884,"(40.7475388201, -73.8854976102)"
10243,4,Free,LinkNYC - Citybridge,qu-02-146051,10-58 45 AVENUE,40.747793,-73.9500860005,998080.272524,211721.745898,Outdoor Kiosk,"Tablet Internet -phone , Free 1 GB Wi-FI Service",Queens,LinkNYC Free Wi-Fi,LINK-021068,07/11/2018,4,Queens,QN31,Hunters Point-Sunnyside-West Maspeth,26,11101,402,7,7,4000419,4000500030,4648,"(40.747793, -73.9500860005)"
12811,4,Free,LinkNYC - Citybridge,qu-12-141549,159-02 JAMAICA AVENUE,40.7033519999,-73.7999229995,1039724.67874,195589.926127,Outdoor Kiosk,"Tablet Internet -phone , Free 1 GB Wi-FI Service",Queens,LinkNYC Free Wi-Fi,LINK-000785,09/23/2016,4,Queens,QN61,Jamaica,27,11433,412,446,446,4215612,4101000000,3315,"(40.7033519999, -73.7999229995)"
11494,4,Free,LinkNYC - Citybridge,qu-09-104094,104-13 JAMAICA AVENUE,40.6952564004,-73.8428399501,1027830.54603,192616.199463,Outdoor Kiosk,"Tablet Internet -phone , Free 1 GB Wi-FI Service",Queens,LinkNYC Free Wi-Fi,LINK-014063,06/26/2017,4,Queens,QN54,Richmond Hill,32,11418,409,26,26,4192008,4092000040,4389,"(40.6952564004, -73.8428399501)"
9642,4,Free,LinkNYC - Citybridge,qu-01-146089,30-01 ASTORIA BOULEVARD,40.7703598897,-73.9188946797,1006715.2126,219950.061462,Outdoor Kiosk,"Tablet Internet -phone , Free 1 GB Wi-FI Service",Queens,LinkNYC Free Wi-Fi,LINK-021089,06/28/2018,4,Queens,QN71,Old Astoria,22,11102,401,69,69,4017392,4008380010,4841,"(40.7703598897, -73.9188946797)"
11788,4,Free,LinkNYC - Citybridge,qu-01-108362,29-24 30 AVENUE,40.7674325818,-73.9226874793,1005665.59364,218882.596405,Outdoor Kiosk,"Tablet Internet -phone , Free 1 GB Wi-FI Service",Queens,LinkNYC Free Wi-Fi,LINK-014248,10/09/2017,4,Queens,QN71,Old Astoria,22,11102,401,73,73,4007621,4005920030,4408,"(40.7674325818, -73.9226874793)"
11863,4,Free,LinkNYC - Citybridge,qu-04-136365,83-20 ROOSEVELT AVENUE,40.747742377,-73.8822703105,1016870.79859,211721.282972,Outdoor Kiosk,"Tablet Internet -phone , Free 1 GB Wi-FI Service",Queens,LinkNYC Free Wi-Fi,LINK-011198,09/07/2017,4,Queens,QN29,Elmhurst,21,11373,404,269,269,4037071,4015030000,4027,"(40.747742377, -73.8822703105)"
11190,4,Free,LinkNYC - Citybridge,qu-03-125337,82-03 ROOSEVELT AVENUE,40.7477287797,-73.8836647505,1016484.43093,211715.812839,Outdoor Kiosk,"Tablet Internet -phone , Free 1 GB Wi-FI Service",Queens,LinkNYC Free Wi-Fi,LINK-013597,09/07/2017,4,Queens,QN28,Jackson Heights,21,11372,403,283,283,4036213,4014700050,4315,"(40.7477287797, -73.8836647505)"
11960,4,Free,LinkNYC - Citybridge,qu-04-145777,79-14 QUEENS BOULEVARD,40.7377769999,-73.8839780002,1016402.43732,208089.950668,Outdoor Kiosk,"Tablet Internet -phone , Free 1 GB Wi-FI Service",Queens,LinkNYC Free Wi-Fi,LINK-018144,03/20/2017,4,Queens,QN50,Elmhurst-Maspeth,25,11373,404,479,479,4056460,4024530020,4508,"(40.7377769999, -73.8839780002)"
11262,4,Free,LinkNYC - Citybridge,qu-01-130522,31-14 BROADWAY,40.7616457802,-73.9248555498,1005066.84615,216773.75187,Outdoor Kiosk,"Tablet Internet -phone , Free 1 GB Wi-FI Service",Queens,LinkNYC Free Wi-Fi,LINK-010558,08/09/2017,4,Queens,QN70,Astoria,22,11106,401,59,59,4008290,4006110140,3892,"(40.7616457802, -73.9248555498)"
10186,4,Free,LinkNYC - Citybridge,qu-01-146037,37-01 31 AVENUE,40.7620730003,-73.9185180002,1006822.35675,216930.9717,Outdoor Kiosk,"Tablet Internet -phone , Free 1 GB Wi-FI Service",Queens,LinkNYC Free Wi-Fi,LINK-020907,02/08/2018,4,Queens,QN70,Astoria,22,11103,401,63,63,4010553,4006590010,4634,"(40.7620730003, -73.9185180002)"
12922,4,Free,LinkNYC - Citybridge,qu-09-145794,82-37 KEW GARDENS ROAD,40.7110719996,-73.8281600001,1031889.99362,198385.928409,Outdoor Kiosk,"Tablet Internet -phone , Free 1 GB Wi-FI Service",Queens,LinkNYC Free Wi-Fi,LINK-006987,04/05/2017,4,Queens,QN60,Kew Gardens,29,11415,409,216,216,4080168,4033600000,3776,"(40.7110719996, -73.8281600001)"
11239,4,Free,LinkNYC - Citybridge,qu-03-143455,81-02 37 AVENUE,40.7496062996,-73.8850720402,1016093.5987,212399.338374,Outdoor Kiosk,"Tablet Internet -phone , Free 1 GB Wi-FI Service",Queens,LinkNYC Free Wi-Fi,LINK-010339,11/08/2017,4,Queens,QN28,Jackson Heights,21,11372,403,283,283,4030009,4012920000,3869,"(40.7496062996, -73.8850720402)"
11977,4,Free,LinkNYC - Citybridge,qu-02-145781,23-24 45 AVENUE,40.7466391803,-73.9441382803,999728.546787,211302.367471,Outdoor Kiosk,"Tablet Internet -phone , Free 1 GB Wi-FI Service",Queens,LinkNYC Free Wi-Fi,LINK-018199,04/14/2017,4,Queens,QN31,Hunters Point-Sunnyside-West Maspeth,26,11101,402,19,19,4000677,4000800000,4525,"(40.7466391803, -73.9441382803)"
11793,4,Free,LinkNYC - Citybridge,qu-09-114647,78-14 JAMAICA AVENUE,40.6919022901,-73.8632615496,1022169.54062,191384.699958,Outdoor Kiosk,"Tablet Internet -phone , Free 1 GB Wi-FI Service",Queens,LinkNYC Free Wi-Fi,LINK-014273,08/09/2017,4,Queens,QN53,Woodhaven,30,11421,409,4,4,4183391,4089140010,4413,"(40.6919022901, -73.8632615496)"
10289,4,Free,LinkNYC - Citybridge,qu-09-145911,87-26 JAMAICA AVENUE,40.6926072396,-73.8564538001,1024057.00502,191644.553769,Outdoor Kiosk,"Tablet Internet -phone , Free 1 GB Wi-FI Service",Queens,LinkNYC Free Wi-Fi,LINK-021406,10/04/2017,4,Queens,QN53,Woodhaven,32,11421,409,16,16,4184004,4089250010,4694,"(40.6926072396, -73.8564538001)"
11762,4,Free,LinkNYC - Citybridge,qu-03-133667,81-03 ROOSEVELT AVENUE,40.7476268704,-73.8846435204,1016213.28022,211678.325381,Outdoor Kiosk,"Tablet Internet -phone , Free 1 GB Wi-FI Service",Queens,LinkNYC Free Wi-Fi,LINK-011103,02/28/2018,4,Queens,QN28,Jackson Heights,21,11372,403,283,283,4030026,4012920050,3998,"(40.7476268704, -73.8846435204)"
11729,4,Free,LinkNYC - Citybridge,qu-03-136452,88-03 ROOSEVELT AVENUE,40.7483110396,-73.8781654794,1018007.88523,211930.020087,Outdoor Kiosk,"Tablet Internet -phone , Free 1 GB Wi-FI Service",Queens,LinkNYC Free Wi-Fi,LINK-011059,09/08/2017,4,Queens,QN28,Jackson Heights,21,11372,403,277,277,4307356,4014760110,3965,"(40.7483110396, -73.8781654794)"
11142,4,Free,LinkNYC - Citybridge,qu-01-145951,42-01 Broadway,40.7582210003,-73.9172299999,1007180.48792,215527.897078,Outdoor Kiosk,"Tablet Internet -phone , Free 1 GB Wi-FI Service",Queens,LinkNYC Free Wi-Fi,LINK-019891,01/09/2018,4,Queens,QN70,Astoria,26,11103,401,155,155,4436925,4006920010,4585,"(40.7582210003, -73.9172299999)"
11962,4,Free,LinkNYC - Citybridge,qu-02-145849,69-02 QUEENS BOULEVARD,40.7399219998,-73.8952959997,1013265.01971,208867.489795,Outdoor Kiosk,"Tablet Internet -phone , Free 1 GB Wi-FI Service",Queens,LinkNYC Free Wi-Fi,LINK-018147,10/06/2017,4,Queens,QN50,Elmhurst-Maspeth,30,11377,402,489,489,4056320,4024320010,4510,"(40.7399219998, -73.8952959997)"
11773,4,Free,LinkNYC - Citybridge,qu-03-143034,72-01 ROOSEVELT AVENUE,40.74670669,-73.89344842,1013774.00426,211339.984194,Outdoor Kiosk,"Tablet Internet -phone , Free 1 GB Wi-FI Service",Queens,LinkNYC Free Wi-Fi,LINK-014139,08/24/2017,4,Queens,QN50,Elmhurst-Maspeth,25,11372,403,265,265,4029787,4012830070,4393,"(40.74670669, -73.89344842)"
11023,4,Free,LinkNYC - Citybridge,qu-03-136305,90-13 ROOSEVELT AVENUE,40.7485509502,-73.8757747496,1018670.18377,212018.357509,Outdoor Kiosk,"Tablet Internet -phone , Free 1 GB Wi-FI Service",Queens,LinkNYC Free Wi-Fi,LINK-012786,09/08/2017,4,Queens,QN28,Jackson Heights,21,11372,403,275,275,4036371,4014780040,4220,"(40.7485509502, -73.8757747496)"
12320,4,Free,LinkNYC - Citybridge,qu-01-136650,33-28 NORTHERN BOULEVARD,40.75191,-73.9299919994,1003646.75942,213225.512247,Outdoor Kiosk,"Tablet Internet -phone , Free 1 GB Wi-FI Service",Queens,LinkNYC Free Wi-Fi,LINK-001355,04/23/2018,4,Queens,QN31,Hunters Point-Sunnyside-West Maspeth,26,11101,401,171,171,4461879,4002140240,3503,"(40.75191, -73.9299919994)"
11181,4,Free,LinkNYC - Citybridge,qu-06-124230,106-20 71 AVENUE,40.7200169996,-73.8447869999,1027274.64458,201636.254258,Outdoor Kiosk,"Tablet Internet -phone , Free 1 GB Wi-FI Service",Queens,LinkNYC Free Wi-Fi,LINK-013522,03/09/2017,4,Queens,QN17,Forest Hills,29,11375,406,737,737,4077914,4032550010,4306,"(40.7200169996, -73.8447869999)"
11748,4,Free,LinkNYC - Citybridge,qu-01-145452,40-13 BROADWAY,40.7588176498,-73.9184941204,1006830.07556,215744.947497,Outdoor Kiosk,"Tablet Internet -phone , Free 1 GB Wi-FI Service",Queens,LinkNYC Free Wi-Fi,LINK-011042,12/19/2017,4,Queens,QN70,Astoria,22,11103,401,155,155,4436918,4006780000,3984,"(40.7588176498, -73.9184941204)"
11955,4,Free,LinkNYC - Citybridge,qu-04-145774,90-02 QUEENS BOULEVARD,40.7338890201,-73.8727094898,1019527.26408,206677.775671,Outdoor Kiosk,"Tablet Internet -phone , Free 1 GB Wi-FI Service",Queens,LinkNYC Free Wi-Fi,LINK-018138,03/20/2017,4,Queens,QN29,Elmhurst,25,11373,404,475,475,4064869,4028570040,4503,"(40.7338890201, -73.8727094898)"
11838,4,Free,LinkNYC - Citybridge,qu-03-146069,80-12 37 AVENUE,40.7495324942,-73.8858318964,1015883.09715,212372.173403,Outdoor Kiosk,"Tablet Internet -phone , Free 1 GB Wi-FI Service",Queens,LinkNYC Free Wi-Fi,LINK-022686,04/12/2018,4,Queens,QN28,Jackson Heights,25,11372,403,283,283,4029986,4012910000,4458,"(40.7495324942, -73.8858318964)"
11179,4,Free,LinkNYC - Citybridge,qu-03-125359,82-01 37 AVENUE,40.7498293203,-73.8841545299,1016347.70974,212480.926794,Outdoor Kiosk,"Tablet Internet -phone , Free 1 GB Wi-FI Service",Queens,LinkNYC Free Wi-Fi,LINK-013510,11/08/2017,4,Queens,QN28,Jackson Heights,25,11372,403,283,283,4035816,4014560040,4304,"(40.7498293203, -73.8841545299)"
11843,4,Free,LinkNYC - Citybridge,qu-01-136586,42-02 NORTHERN BOULEVARD,40.753121769,-73.9207195344,1006215.43375,213669.187869,Outdoor Kiosk,"Tablet Internet -phone , Free 1 GB Wi-FI Service",Queens,LinkNYC Free Wi-Fi,LINK-011120,04/02/2018,4,Queens,QN31,Hunters Point-Sunnyside-West Maspeth,26,11101,401,171,171,4002366,4001830050,4007,"(40.753121769, -73.9207195344)"
11149,4,Free,LinkNYC - Citybridge,qu-04-145900,75-32 BROADWAY,40.7457609198,-73.8894507503,1014882.13885,210996.782781,Outdoor Kiosk,"Tablet Internet -phone , Free 1 GB Wi-FI Service",Queens,LinkNYC Free Wi-Fi,LINK-019903,10/04/2017,4,Queens,QN29,Elmhurst,25,11373,404,267,267,4311943,4014860050,4592,"(40.7457609198, -73.8894507503)"
11147,4,Free,LinkNYC - Citybridge,qu-04-145897,81-37 BROADWAY,40.7430237599,-73.8829232995,1016692.16476,210001.898944,Outdoor Kiosk,"Tablet Internet -phone , Free 1 GB Wi-FI Service",Queens,LinkNYC Free Wi-Fi,LINK-019901,08/24/2017,4,Queens,QN29,Elmhurst,25,11373,404,269,269,4307385,4015097500,4590,"(40.7430237599, -73.8829232995)"
10274,4,Free,LinkNYC - Citybridge,qu-01-145947,34-24 30 AVENUE,40.7654016498,-73.9183604098,1006864.88258,218143.748474,Outdoor Kiosk,"Tablet Internet -phone , Free 1 GB Wi-FI Service",Queens,LinkNYC Free Wi-Fi,LINK-021330,10/25/2017,4,Queens,QN70,Astoria,22,11103,401,63,63,4009091,4006260050,4679,"(40.7654016498, -73.9183604098)"
11965,4,Free,LinkNYC - Citybridge,qu-02-145744,58-28 QUEENS BOULEVARD,40.7415059999,-73.906524,1010152.96098,209441.071325,Outdoor Kiosk,"Tablet Internet -phone , Free 1 GB Wi-FI Service",Queens,LinkNYC Free Wi-Fi,LINK-018153,06/26/2017,4,Queens,QN63,Woodside,26,11377,402,245,245,4454475,4023137500,4513,"(40.7415059999, -73.906524)"
10287,4,Free,LinkNYC - Citybridge,qu-09-145890,87-02 114 STREET,40.6980954203,-73.8348467495,1030045.11115,193654.614381,Outdoor Kiosk,"Tablet Internet -phone , Free 1 GB Wi-FI Service",Queens,LinkNYC Free Wi-Fi,LINK-021399,09/01/2017,4,Queens,QN54,Richmond Hill,29,11418,409,124,124,4194946,4093030010,4692,"(40.6980954203, -73.8348467495)"
11865,4,Free,LinkNYC - Citybridge,qu-03-136656,93-19 ROOSEVELT AVENUE,40.748869202,-73.8729332959,1019457.32163,212135.436015,Outdoor Kiosk,"Tablet Internet -phone , Free 1 GB Wi-FI Service",Queens,LinkNYC Free Wi-Fi,LINK-011205,09/08/2017,4,Queens,QN28,Jackson Heights,21,11372,403,273,273,4431438,4014810040,4029,"(40.748869202, -73.8729332959)"
11769,4,Free,LinkNYC - Citybridge,qu-03-136366,95-31 ROOSEVELT AVENUE,40.7491116999,-73.8706241603,1020097.00014,212224.722254,Outdoor Kiosk,"Tablet Internet -phone , Free 1 GB Wi-FI Service",Queens,LinkNYC Free Wi-Fi,LINK-011115,09/08/2017,4,Queens,QN28,Jackson Heights,21,11372,403,273,273,4036618,4014830040,4005,"(40.7491116999, -73.8706241603)"
12307,4,Free,LinkNYC - Citybridge,qu-04-132440,77-06 QUEENS BOULEVARD,40.7382079996,-73.8862530003,1015771.7775,208246.150487,Outdoor Kiosk,"Tablet Internet -phone , Free 1 GB Wi-FI Service",Queens,LinkNYC Free Wi-Fi,LINK-001147,03/20/2017,4,Queens,QN50,Elmhurst-Maspeth,25,11373,404,479,479,4056456,4024520000,3490,"(40.7382079996, -73.8862530003)"
10190,4,Free,LinkNYC - Citybridge,qu-01-146068,36-02 37 AVENUE,40.7527239999,-73.9271830005,1004424.78772,213522.713096,Outdoor Kiosk,"Tablet Internet -phone , Free 1 GB Wi-FI Service",Queens,LinkNYC Free Wi-Fi,LINK-020928,04/24/2018,4,Queens,QN68,Queensbridge-Ravenswood-Long Island City,26,11101,401,55,55,4004571,4003780001,4638,"(40.7527239999, -73.9271830005)"
11731,4,Free,LinkNYC - Citybridge,qu-01-100721,32-07 BROADWAY,40.7615072602,-73.9242178096,1005243.55938,216723.436682,Outdoor Kiosk,"Tablet Internet -phone , Free 1 GB Wi-FI Service",Queens,LinkNYC Free Wi-Fi,LINK-010979,04/02/2018,4,Queens,QN70,Astoria,22,11106,401,61,61,4008405,4006140010,3967,"(40.7615072602, -73.9242178096)"
12302,4,Free,LinkNYC - Citybridge,qu-06-124204,101-10 QUEENS BLVD,40.7262412682,-73.8525186408,1025127.63772,203900.241199,Outdoor Kiosk,"Tablet Internet -phone , Free 1 GB Wi-FI Service",Queens,LinkNYC Free Wi-Fi,LINK-001131,08/09/2017,4,Queens,QN17,Forest Hills,29,11375,406,713,713,4075147,4031710030,3485,"(40.7262412682, -73.8525186408)"
12819,4,Free,LinkNYC - Citybridge,qu-12-141537,161-21 Jamaica Ave,40.7043551002,-73.7978653104,1040294.36296,195956.694423,Outdoor Kiosk,"Tablet Internet -phone , Free 1 GB Wi-FI Service",Queens,LinkNYC Free Wi-Fi,LINK-000801,09/30/2016,4,Queens,QN61,Jamaica,24,11432,412,446,446,4208875,4097607500,3323,"(40.7043551002, -73.7978653104)"
11238,4,Free,LinkNYC - Citybridge,qu-01-143435,41-01 BROADWAY,40.7585912501,-73.9180156101,1006962.71736,215662.586441,Outdoor Kiosk,"Tablet Internet -phone , Free 1 GB Wi-FI Service",Queens,LinkNYC Free Wi-Fi,LINK-010338,07/10/2017,4,Queens,QN70,Astoria,22,11103,401,155,155,4011161,4006790010,3868,"(40.7585912501, -73.9180156101)"
11042,4,Free,LinkNYC - Citybridge,qu-04-125340,81-18 ROOSEVELT AVENUE,40.7475433697,-73.8840978596,1016364.51351,211648.103,Outdoor Kiosk,"Tablet Internet -phone , Free 1 GB Wi-FI Service",Queens,LinkNYC Free Wi-Fi,LINK-012917,09/07/2017,4,Queens,QN29,Elmhurst,25,11373,404,269,269,4036867,4014920010,4239,"(40.7475433697, -73.8840978596)"
11915,4,Free,LinkNYC - Citybridge,qu-06-145765,97-14 66 AVENUE,40.7274890097,-73.8560711597,1024142.23451,204353.193706,Outdoor Kiosk,"Tablet Internet -phone , Free 1 GB Wi-FI Service",Queens,LinkNYC Free Wi-Fi,LINK-018043,04/05/2017,4,Queens,QN17,Forest Hills,29,11374,406,713,713,4074783,4031597500,4463,"(40.7274890097, -73.8560711597)"
12289,4,Free,LinkNYC - Citybridge,qu-09-124784,112-01 JAMAICA AVENUE,40.6975628749,-73.836280401,1029647.93905,193459.846398,Outdoor Kiosk,"Tablet Internet -phone , Free 1 GB Wi-FI Service",Queens,LinkNYC Free Wi-Fi,LINK-001108,07/31/2017,4,Queens,QN54,Richmond Hill,32,11418,409,130,130,4192681,4092260030,3472,"(40.6975628749, -73.836280401)"
10195,4,Free,LinkNYC - Citybridge,qu-02-145985,45-59 46 STREET,40.7413034801,-73.9190055999,1006694.27728,209363.842477,Outdoor Kiosk,"Tablet Internet -phone , Free 1 GB Wi-FI Service",Queens,LinkNYC Free Wi-Fi,LINK-020965,05/23/2018,4,Queens,QN31,Hunters Point-Sunnyside-West Maspeth,26,11377,402,235,235,4001553,4001530010,4643,"(40.7413034801, -73.9190055999)"
11855,4,Free,LinkNYC - Citybridge,qu-03-134084,86-23 ROOSEVELT AVENUE,40.74816825,-73.8795105804,1017635.25671,211877.481807,Outdoor Kiosk,"Tablet Internet -phone , Free 1 GB Wi-FI Service",Queens,LinkNYC Free Wi-Fi,LINK-011173,10/04/2017,4,Queens,QN28,Jackson Heights,21,11372,403,279,279,4036259,4014740040,4019,"(40.74816825, -73.8795105804)"
10245,4,Free,LinkNYC - Citybridge,qu-01-145986,38-02 35 AVENUE,40.7552199047,-73.9224478198,1005735.91863,214433.177811,Outdoor Kiosk,"Tablet Internet -phone , Free 1 GB Wi-FI Service",Queens,LinkNYC Free Wi-Fi,LINK-021097,02/28/2018,4,Queens,QN70,Astoria,26,11101,401,157,157,4010866,4006680010,4650,"(40.7552199047, -73.9224478198)"
9638,4,Free,LinkNYC - Citybridge,qu-01-146090,28-11 ASTORIA BOULEVARD,40.7707470798,-73.9203542705,1006310.79511,220090.756719,Outdoor Kiosk,"Tablet Internet -phone , Free 1 GB Wi-FI Service",Queens,LinkNYC Free Wi-Fi,LINK-021013,06/28/2018,4,Queens,QN71,Old Astoria,22,11102,401,69,69,4431076,4008390010,4837,"(40.7707470798, -73.9203542705)"
12312,4,Free,LinkNYC - Citybridge,qu-02-143422,38-18 QUEENS BOULEVARD,40.7438230004,-73.9264550003,1004629.2112,210279.962692,Outdoor Kiosk,"Tablet Internet -phone , Free 1 GB Wi-FI Service",Queens,LinkNYC Free Wi-Fi,LINK-001159,02/02/2017,4,Queens,QN31,Hunters Point-Sunnyside-West Maspeth,26,11101,402,179,179,4003170,4002230040,3495,"(40.7438230004, -73.9264550003)"
12914,4,Free,LinkNYC - Citybridge,qu-02-125016,51-04 VERNON BLVD,40.7418824396,-73.9544797405,996863.965246,209567.677043,Outdoor Kiosk,"Tablet Internet -phone , Free 1 GB Wi-FI Service",Queens,LinkNYC Free Wi-Fi,LINK-006860,03/22/2017,4,Queens,QN31,Hunters Point-Sunnyside-West Maspeth,26,11101,402,7,7,4000201,4000340050,3768,"(40.7418824396, -73.9544797405)"
11871,4,Free,LinkNYC - Citybridge,qu-03-139608,37-69 80 STREET,40.7476029702,-73.8857513003,1015906.34514,211669.215491,Outdoor Kiosk,"Tablet Internet -phone , Free 1 GB Wi-FI Service",Queens,LinkNYC Free Wi-Fi,LINK-011252,10/13/2017,4,Queens,QN28,Jackson Heights,25,11372,403,283,283,4030002,4012910050,4035,"(40.7476029702, -73.8857513003)"
11134,4,Free,LinkNYC - Citybridge,qu-06-145955,107-15 70 ROAD,40.7211768396,-73.8456065703,1027046.71722,202058.417455,Outdoor Kiosk,"Tablet Internet -phone , Free 1 GB Wi-FI Service",Queens,LinkNYC Free Wi-Fi,LINK-019773,01/16/2018,4,Queens,QN17,Forest Hills,29,11375,406,711,711,4077480,4032380010,4577,"(40.7211768396, -73.8456065703)"
12813,4,Free,LinkNYC - Citybridge,qu-12-141540,163-33 JAMAICA AVENUE,40.7051430003,-73.7958969999,1040839.43176,196245.014712,Outdoor Kiosk,"Tablet Internet -phone , Free 1 GB Wi-FI Service",Queens,LinkNYC Free Wi-Fi,LINK-000791,11/30/2016,4,Queens,QN61,Jamaica,24,11432,412,446,446,4209572,4097930000,3317,"(40.7051430003, -73.7958969999)"
12806,4,Free,LinkNYC - Citybridge,qu-02-141373,48-19 VERNON BOULEVARD,40.7435585598,-73.9537388605,997068.945479,210178.448459,Outdoor Kiosk,"Tablet Internet -phone , Free 1 GB Wi-FI Service",Queens,LinkNYC Free Wi-Fi,LINK-000779,03/14/2018,4,Queens,QN31,Hunters Point-Sunnyside-West Maspeth,26,11101,402,7,7,4000254,4000440000,3310,"(40.7435585598, -73.9537388605)"
11756,4,Free,LinkNYC - Citybridge,qu-04-134075,73-02 ROOSEVELT AVENUE,40.7467111201,-73.8921447697,1014135.22598,211342.040292,Outdoor Kiosk,"Tablet Internet -phone , Free 1 GB Wi-FI Service",Queens,LinkNYC Free Wi-Fi,LINK-011092,08/24/2017,4,Queens,QN50,Elmhurst-Maspeth,25,11377,404,265,265,4030453,4013057500,3992,"(40.7467111201, -73.8921447697)"
12293,4,Free,LinkNYC - Citybridge,qu-09-124790,87-10 LEFFERTS BOULEVARD,40.6998411202,-73.8309361303,1031128.25236,194292.692173,Outdoor Kiosk,"Tablet Internet -phone , Free 1 GB Wi-FI Service",Queens,LinkNYC Free Wi-Fi,LINK-001113,06/06/2017,4,Queens,QN54,Richmond Hill,29,11418,409,122,122,4195916,4093280010,3476,"(40.6998411202, -73.8309361303)"
11040,4,Free,LinkNYC - Citybridge,qu-01-125084,29-19 BROADWAY,40.7624639997,-73.9262620002,1004676.97423,217071.524896,Outdoor Kiosk,"Tablet Internet -phone , Free 1 GB Wi-FI Service",Queens,LinkNYC Free Wi-Fi,LINK-012888,05/17/2017,4,Queens,QN70,Astoria,22,11106,401,75,75,4445864,4005880000,4237,"(40.7624639997, -73.9262620002)"
11185,4,Free,LinkNYC - Citybridge,qu-04-124856,82-61 BROADWAY,40.7419905501,-73.8810647697,1017207.67751,209626.161834,Outdoor Kiosk,"Tablet Internet -phone , Free 1 GB Wi-FI Service",Queens,LinkNYC Free Wi-Fi,LINK-013543,08/24/2017,4,Queens,QN29,Elmhurst,25,11373,404,271,271,4037524,4015180090,4310,"(40.7419905501, -73.8810647697)"
11815,4,Free,LinkNYC - Citybridge,qu-01-133224,30-01 33 STREET,40.7659299666,-73.9198816613,1006443.30665,218335.842578,Outdoor Kiosk,"Tablet Internet -phone , Free 1 GB Wi-FI Service",Queens,LinkNYC Free Wi-Fi,LINK-014602,06/26/2017,4,Queens,QN70,Astoria,22,11103,401,63,63,4009030,4006250040,4435,"(40.7659299666, -73.9198816613)"
11980,4,Free,LinkNYC - Citybridge,qu-02-145785,2116 JACKSON AVENUE,40.74492115,-73.9476629594,998752.278726,210675.830995,Outdoor Kiosk,"Tablet Internet -phone , Free 1 GB Wi-FI Service",Queens,LinkNYC Free Wi-Fi,LINK-018203,03/29/2017,4,Queens,QN31,Hunters Point-Sunnyside-West Maspeth,26,11101,402,19,19,4000543,4000720000,4528,"(40.74492115, -73.9476629594)"
12012,4,Free,LinkNYC - Citybridge,qu-09-124799,85-02 JAMAICA AVENUE,40.692466,-73.8589480005,1023365.41815,191591.972509,Outdoor Kiosk,"Tablet Internet -phone , Free 1 GB Wi-FI Service",Queens,LinkNYC Free Wi-Fi,LINK-011906,07/07/2017,4,Queens,QN53,Woodhaven,32,11421,409,10,10,4183844,4089220000,4099,"(40.692466, -73.8589480005)"
10618,4,Free,LinkNYC - Citybridge,qu-01-146087,21-04 NEWTON AVENUE,40.7720331396,-73.9257777196,1004808.17606,220557.991677,Outdoor Kiosk,"Tablet Internet -phone , Free 1 GB Wi-FI Service",Queens,LinkNYC Free Wi-Fi,LINK-020949,06/28/2018,4,Queens,QN71,Old Astoria,22,11102,401,71,71,4458141,4005430020,4810,"(40.7720331396, -73.9257777196)"
11079,4,Free,LinkNYC - Citybridge,qu-09-126733,80-10 JAMAICA AVENUE,40.69210611,-73.86199361,1022521.04123,191459.508863,Outdoor Kiosk,"Tablet Internet -phone , Free 1 GB Wi-FI Service",Queens,LinkNYC Free Wi-Fi,LINK-013299,08/07/2017,4,Queens,QN53,Woodhaven,32,11421,409,10,10,4183699,4089190000,4276,"(40.69210611, -73.86199361)"
12306,4,Free,LinkNYC - Citybridge,qu-04-142872,82-10 QUEENS BLVD,40.7372059599,-73.8809396799,1017244.70992,207883.032775,Outdoor Kiosk,"Tablet Internet -phone , Free 1 GB Wi-FI Service",Queens,LinkNYC Free Wi-Fi,LINK-001144,07/10/2017,4,Queens,QN50,Elmhurst-Maspeth,25,11373,404,479,479,4437425,4024750010,3489,"(40.7372059599, -73.8809396799)"
11138,4,Free,LinkNYC - Citybridge,qu-01-145980,140 31 Street,40.7519504418,-73.933379632,1002708.15434,213239.514516,Outdoor Kiosk,"Tablet Internet -phone , Free 1 GB Wi-FI Service",Queens,LinkNYC Free Wi-Fi,LINK-019783,01/09/2018,4,Queens,QN68,Queensbridge-Ravenswood-Long Island City,26,11101,401,31,31,4000000,4004010000,4581,"(40.7519504418, -73.933379632)"
9645,4,Free,LinkNYC - Citybridge,qu-03-125430,32-52 100 STREET,40.7574846299,-73.86858881,1020656.37107,215276.08787,Outdoor Kiosk,"Tablet Internet -phone , Free 1 GB Wi-FI Service",Queens,LinkNYC Free Wi-Fi,LINK-014430,02/28/2019,4,Queens,QN27,East Elmhurst,21,11369,403,363,363,4035112,4014290030,4844,"(40.7574846299, -73.86858881)"
12917,4,Free,LinkNYC - Citybridge,qu-06-145845,108-36 QUEENS BLVD,40.7206713786,-73.8428454074,1027812.42074,201875.623858,Outdoor Kiosk,"Tablet Internet -phone , Free 1 GB Wi-FI Service",Queens,LinkNYC Free Wi-Fi,LINK-006873,07/18/2017,4,Queens,QN17,Forest Hills,29,11375,406,737,737,4078003,4032570000,3771,"(40.7206713786, -73.8428454074)"
12822,4,Free,LinkNYC - Citybridge,qu-12-138095,163-08 JAMAICA AVENUE,40.7046865504,-73.7966203899,1040639.25171,196078.250282,Outdoor Kiosk,"Tablet Internet -phone , Free 1 GB Wi-FI Service",Queens,LinkNYC Free Wi-Fi,LINK-000805,10/07/2016,4,Queens,QN61,Jamaica,27,11433,412,446,446,4216196,4101510000,3326,"(40.7046865504, -73.7966203899)"
12810,4,Free,LinkNYC - Citybridge,qu-12-141545,160-15 Jamaica Ave,40.7040202805,-73.7986902301,1040065.92445,195834.183185,Outdoor Kiosk,"Tablet Internet -phone , Free 1 GB Wi-FI Service",Queens,LinkNYC Free Wi-Fi,LINK-000784,10/20/2016,4,Queens,QN61,Jamaica,24,11432,412,446,446,4208855,4097570050,3314,"(40.7040202805, -73.7986902301)"
11261,4,Free,LinkNYC - Citybridge,qu-01-142694,21-34 BROADWAY,40.76453793,-73.9305991796,1003474.88608,217826.144122,Outdoor Kiosk,"Tablet Internet -phone , Free 1 GB Wi-FI Service",Queens,LinkNYC Free Wi-Fi,LINK-010501,05/18/2017,4,Queens,QN70,Astoria,22,11106,401,45,45,4006399,4005550030,3891,"(40.76453793, -73.9305991796)"
11024,4,Free,LinkNYC - Citybridge,qu-04-136367,86-18 ROOSEVELT AVENUE,40.7480491803,-73.8793864801,1017669.70218,211834.148232,Outdoor Kiosk,"Tablet Internet -phone , Free 1 GB Wi-FI Service",Queens,LinkNYC Free Wi-Fi,LINK-012787,10/04/2017,4,Queens,QN29,Elmhurst,21,11373,404,269,269,4037049,4015010050,4221,"(40.7480491803, -73.8793864801)"
10283,4,Free,LinkNYC - Citybridge,qu-09-145879,108-25 JAMAICA AVENUE,40.6959125198,-73.8388098805,1028947.64484,192857.273456,Outdoor Kiosk,"Tablet Internet -phone , Free 1 GB Wi-FI Service",Queens,LinkNYC Free Wi-Fi,LINK-021395,08/14/2017,4,Queens,QN54,Richmond Hill,32,11418,409,128,128,4192172,4092040040,4688,"(40.6959125198, -73.8388098805)"
9651,4,Free,LinkNYC - Citybridge,qu-01-125165,37-02 ASTORIA BOULEVARD SOUTH,40.7690955201,-73.9128369996,1008393.57604,219491.02137,Outdoor Kiosk,"Tablet Internet -phone , Free 1 GB Wi-FI Service",Queens,LinkNYC Free Wi-Fi,LINK-013526,01/15/2019,4,Queens,QN70,Astoria,22,11103,401,6502,6502,4010183,4006530040,4850,"(40.7690955201, -73.9128369996)"
9760,4,Free,LinkNYC - Citybridge,qu-02-125075,51-30 NORTHERN BOULEVARD,40.7531391699,-73.9074535401,1009890.90015,213679.132403,Outdoor Kiosk,"Tablet Internet -phone , Free 1 GB Wi-FI Service",Queens,LinkNYC Free Wi-Fi,LINK-011268,06/20/2018,4,Queens,QN63,Woodside,26,11377,402,255,255,4437089,4011920040,4877,"(40.7531391699, -73.9074535401)"
9819,4,Free,LinkNYC - Citybridge,qu-09-145884,94-20 JAMAICA AVENUE,40.6941403398,-73.8505691605,1025687.9286,192205.835454,Outdoor Kiosk,"Tablet Internet -phone , Free 1 GB Wi-FI Service",Queens,LinkNYC Free Wi-Fi,LINK-021387,08/09/2017,4,Queens,QN53,Woodhaven,32,11421,409,20,20,4184333,4089350010,4916,"(40.6941403398, -73.8505691605)"
10239,4,Free,LinkNYC - Citybridge,qu-01-146038,35-19 31 AVENUE,40.7625640004,-73.9195789998,1006528.2717,217109.587484,Outdoor Kiosk,"Tablet Internet -phone , Free 1 GB Wi-FI Service",Queens,LinkNYC Free Wi-Fi,LINK-020984,03/08/2018,4,Queens,QN70,Astoria,22,11103,401,63,63,4009891,4006500000,4644,"(40.7625640004, -73.9195789998)"
10278,4,Free,LinkNYC - Citybridge,qu-09-145989,86-56 WOODHAVEN BOULEVARD,40.6937397841,-73.8525570694,1025136.91756,192058.96731,Outdoor Kiosk,"Tablet Internet -phone , Free 1 GB Wi-FI Service",Queens,LinkNYC Free Wi-Fi,LINK-021386,02/26/2018,4,Queens,QN53,Woodhaven,32,11421,409,14,14,4182096,4088700050,4683,"(40.6937397841, -73.8525570694)"
10288,4,Free,LinkNYC - Citybridge,qu-09-145912,123-08 JAMAICA AVENUE,40.7006348299,-73.8270968697,1032192.23547,194583.941591,Outdoor Kiosk,"Tablet Internet -phone , Free 1 GB Wi-FI Service",Queens,LinkNYC Free Wi-Fi,LINK-021403,09/25/2017,4,Queens,QN54,Richmond Hill,29,11418,409,142,142,4196009,4093320010,4693,"(40.7006348299, -73.8270968697)"
10310,4,Free,LinkNYC - Citybridge,qu-02-145981,43-01 48 AVENUE,40.7396802501,-73.9220696606,1005845.72484,208771.678307,Outdoor Kiosk,"Tablet Internet -phone , Free 1 GB Wi-FI Service",Queens,LinkNYC Free Wi-Fi,LINK-021680,03/15/2018,4,Queens,QN31,Hunters Point-Sunnyside-West Maspeth,26,11377,402,185,185,4002100,4001730000,4715,"(40.7396802501, -73.9220696606)"
11148,4,Free,LinkNYC - Citybridge,qu-04-145899,81-02 PETTIT AVENUE,40.7435632229,-73.8837887906,1016452.07502,210198.122961,Outdoor Kiosk,"Tablet Internet -phone , Free 1 GB Wi-FI Service",Queens,LinkNYC Free Wi-Fi,LINK-019902,08/31/2017,4,Queens,QN29,Elmhurst,25,11373,404,269,269,4037311,4015090040,4591,"(40.7435632229, -73.8837887906)"
11047,4,Free,LinkNYC - Citybridge,qu-02-124996,46-02 GREENPOINT AVENUE,40.7421802504,-73.9187325201,1006769.65377,209683.347743,Outdoor Kiosk,"Tablet Internet -phone , Free 1 GB Wi-FI Service",Queens,LinkNYC Free Wi-Fi,LINK-012975,03/09/2017,4,Queens,QN31,Hunters Point-Sunnyside-West Maspeth,26,11377,402,235,235,4001557,4001530010,4244,"(40.7421802504, -73.9187325201)"
11073,4,Free,LinkNYC - Citybridge,qu-01-125132,32-04 30 AVENUE,40.7663861201,-73.92045929,1006283.14884,218501.888505,Outdoor Kiosk,"Tablet Internet -phone , Free 1 GB Wi-FI Service",Queens,LinkNYC Free Wi-Fi,LINK-013203,07/10/2017,4,Queens,QN70,Astoria,22,11102,401,63,63,4008549,4006160030,4270,"(40.7663861201, -73.92045929)"
11133,4,Free,LinkNYC - Citybridge,qu-06-145961,107-09 70 ROAD,40.72073474,-73.84588685,1026969.30923,201897.210429,Outdoor Kiosk,"Tablet Internet -phone , Free 1 GB Wi-FI Service",Queens,LinkNYC Free Wi-Fi,LINK-019724,10/27/2017,4,Queens,QN17,Forest Hills,29,11375,406,711,711,4314647,4032380020,4576,"(40.72073474, -73.84588685)"
11143,4,Free,LinkNYC - Citybridge,qu-01-145953,45-18 Broadway,40.7567243102,-73.9143831,1007969.72191,214983.362406,Outdoor Kiosk,"Tablet Internet -phone , Free 1 GB Wi-FI Service",Queens,LinkNYC Free Wi-Fi,LINK-019892,01/10/2018,4,Queens,QN70,Astoria,26,11103,401,161,161,4012439,4007080040,4586,"(40.7567243102, -73.9143831)"
11180,4,Free,LinkNYC - Citybridge,qu-06-124227,107-02 71 AVENUE,40.7202451596,-73.8446442995,1027314.0533,201719.449957,Outdoor Kiosk,"Tablet Internet -phone , Free 1 GB Wi-FI Service",Queens,LinkNYC Free Wi-Fi,LINK-013521,03/09/2017,4,Queens,QN17,Forest Hills,29,11375,406,737,737,4078001,4032560040,4305,"(40.7202451596, -73.8446442995)"
12921,4,Free,LinkNYC - Citybridge,qu-06-145763,118-10 QUEENS BLVD,40.7148609997,-73.8323409999,1030728.23512,199764.127424,Outdoor Kiosk,"Tablet Internet -phone , Free 1 GB Wi-FI Service",Queens,LinkNYC Free Wi-Fi,LINK-006885,04/18/2017,4,Queens,QN17,Forest Hills,29,11375,406,769,769,4079993,4033470020,3775,"(40.7148609997, -73.8323409999)"
11189,4,Free,LinkNYC - Citybridge,qu-04-125322,90-02 ROOSEVELT AVENUE,40.7483497518,-73.8765226834,1018463.05066,211944.761528,Outdoor Kiosk,"Tablet Internet -phone , Free 1 GB Wi-FI Service",Queens,LinkNYC Free Wi-Fi,LINK-013596,09/08/2017,4,Queens,QN29,Elmhurst,21,11373,404,271,271,4038784,4015510000,4314,"(40.7483497518, -73.8765226834)"
11256,4,Free,LinkNYC - Citybridge,qu-09-108791,102-01 JAMAICA AVENUE,40.6952250002,-73.8452259994,1027168.91448,192603.581378,Outdoor Kiosk,"Tablet Internet -phone , Free 1 GB Wi-FI Service",Queens,LinkNYC Free Wi-Fi,LINK-010440,07/07/2017,4,Queens,QN54,Richmond Hill,32,11418,409,26,26,4457303,4091870000,3886,"(40.6952250002, -73.8452259994)"
12317,4,Free,LinkNYC - Citybridge,qu-02-141148,10-93 JACKSON AVENUE,40.7431837904,-73.9516172002,997656.932164,210042.225635,Outdoor Kiosk,"Tablet Internet -phone , Free 1 GB Wi-FI Service",Queens,LinkNYC Free Wi-Fi,LINK-001290,03/24/2017,4,Queens,QN31,Hunters Point-Sunnyside-West Maspeth,26,11101,402,7,7,4448532,4000440020,3500,"(40.7431837904, -73.9516172002)"
11772,4,Free,LinkNYC - Citybridge,qu-01-140339,47-16 BROADWAY,40.75607269,-73.9129746597,1008360.15879,214746.34057,Outdoor Kiosk,"Tablet Internet -phone , Free 1 GB Wi-FI Service",Queens,LinkNYC Free Wi-Fi,LINK-014133,05/23/2017,4,Queens,QN70,Astoria,26,11103,401,161,161,4013130,4007230040,4392,"(40.75607269, -73.9129746597)"
11803,4,Free,LinkNYC - Citybridge,qu-04-111122,95-36 ROOSEVELT AVENUE,40.7489710101,-73.8704887004,1020134.60866,212173.519928,Outdoor Kiosk,"Tablet Internet -phone , Free 1 GB Wi-FI Service",Queens,LinkNYC Free Wi-Fi,LINK-014407,09/08/2017,4,Queens,QN29,Elmhurst,21,11373,404,465,465,4039774,4015930010,4423,"(40.7489710101, -73.8704887004)"
11864,4,Free,LinkNYC - Citybridge,qu-03-136453,84-29 ROOSEVELT AVENUE,40.7479706799,-73.8813874197,1017115.3191,211804.791007,Outdoor Kiosk,"Tablet Internet -phone , Free 1 GB Wi-FI Service",Queens,LinkNYC Free Wi-Fi,LINK-011200,10/04/2017,4,Queens,QN28,Jackson Heights,21,11372,403,281,281,4036234,4014720040,4028,"(40.7479706799, -73.8813874197)"
11866,4,Free,LinkNYC - Citybridge,qu-03-136703,92-03 ROOSEVELT AVENUE,40.7487084199,-73.8743928903,1019052.98517,212076.274716,Outdoor Kiosk,"Tablet Internet -phone , Free 1 GB Wi-FI Service",Queens,LinkNYC Free Wi-Fi,LINK-011207,10/11/2017,4,Queens,QN28,Jackson Heights,21,11372,403,275,275,4036462,4014800040,4030,"(40.7487084199, -73.8743928903)"
11961,4,Free,LinkNYC - Citybridge,qu-02-145740,70-50 QUEENS BOULEVARD,40.7393930003,-73.8924979998,1014040.62282,208675.697856,Outdoor Kiosk,"Tablet Internet -phone , Free 1 GB Wi-FI Service",Queens,LinkNYC Free Wi-Fi,LINK-018146,03/20/2017,4,Queens,QN50,Elmhurst-Maspeth,30,11377,402,489,489,4056418,4024440040,4509,"(40.7393930003, -73.8924979998)"
11976,4,Free,LinkNYC - Citybridge,qu-02-145791,25-01 JACKSON AVENUE,40.7470746897,-73.94279179,1000101.53784,211461.278243,Outdoor Kiosk,"Tablet Internet -phone , Free 1 GB Wi-FI Service",Queens,LinkNYC Free Wi-Fi,LINK-018198,04/14/2017,4,Queens,QN31,Hunters Point-Sunnyside-West Maspeth,26,11101,402,19,19,4539937,4000790030,4524,"(40.7470746897, -73.94279179)"
